﻿<LinkSources version="1.02">
  <page ID="FFCF20B9-7DF9-499E-A761-1E43C158F017">
    <linkSource sourcePageID="FFCF20B9-7DF9-499E-A761-1E43C158F017" comID="31DDFD28-401A-4156-A8DC-5A4EF2D63F5A" comLinkType="cltPageLink"/>
    <linkSource sourcePageID="1A622BC5-3642-413D-AD0C-053CCF1B3636" comID="A053A929-1C1E-42E1-B449-73F91C70DA47" comLinkType="cltPageLink"/>
    <linkSource sourcePageID="BD450164-CBE8-4224-891B-07962285382D" comID="F84F7DB5-67CB-4C6A-A42C-B3585E51D445" comLinkType="cltPageLink"/>
    <linkSource sourcePageID="FFCF20B9-7DF9-499E-A761-1E43C158F017" comID="9895B47A-0052-4DF3-9BC1-F50D8D10BDF6" comLinkType="cltPageLink"/>
    <linkSource sourcePageID="FFCF20B9-7DF9-499E-A761-1E43C158F017" comID="F88C5623-6587-41E3-ACF0-6AF72A7CCC59" comLinkType="cltPageLink"/>
    <linkSource sourcePageID="3185620F-D34C-4873-A742-6AFB7695EF40" comID="097F3762-527E-42CE-94F1-79BD92D88775" comLinkType="cltPageLink"/>
    <linkSource sourcePageID="77835173-852F-44CE-A06E-EC26B3F6FFCE" comID="9198E93F-644E-4181-B579-402D3A32DA79" comLinkType="cltPageLink"/>
    <linkSource sourcePageID="BD450164-CBE8-4224-891B-07962285382D" comID="5538A7FF-B6A7-4E04-8363-570936D20694" comLinkType="cltPageLink"/>
    <linkSource sourcePageID="1D6B670A-4FA1-4398-B534-00208812746B" comID="6C1CDEC4-6D69-45BE-A039-0114BC760157" comLinkType="cltPageLink"/>
    <linkSource sourcePageID="508AF5C8-009B-465D-991B-C62AF441F505" comID="9198E93F-644E-4181-B579-402D3A32DA79" comLinkType="cltPageLink"/>
    <linkSource sourcePageID="5AF0D781-1C69-4FD1-AC90-D6CB9AB4BF0D" comID="557B2A00-DF81-4B19-80F6-52C1681C2D49" comLinkType="cltPageLink"/>
    <linkSource sourcePageID="8463E8FA-DEF2-452F-A25F-056778B457C2" comID="9198E93F-644E-4181-B579-402D3A32DA79" comLinkType="cltPageLink"/>
    <linkSource sourcePageID="02213385-78DF-435E-8A5C-5F4F7E3E31F7" comID="9198E93F-644E-4181-B579-402D3A32DA79" comLinkType="cltPageLink"/>
    <linkSource sourcePageID="65C6F0A5-3FE9-49B9-A066-1EE60B946220" comID="097F3762-527E-42CE-94F1-79BD92D88775" comLinkType="cltPageLink"/>
    <linkSource sourcePageID="EF538E16-EF42-4721-A8F7-09E90520BB10" comID="114946A2-10F2-441B-ADDD-BD06B6FEADDE" comLinkType="cltPageLink"/>
    <linkSource sourcePageID="1D6B670A-4FA1-4398-B534-00208812746B" comID="39853433-EF67-4A0A-BE07-9EFC3046A65D" comLinkType="cltPageLink"/>
  </page>
  <page ID="8E147BAB-4068-42C4-84BA-4AA624A67010">
    <linkSource sourcePageID="FFCF20B9-7DF9-499E-A761-1E43C158F017" comID="D5F1FD68-62CD-48FA-898B-2D05ACBCEB28" comLinkType="cltPageLink"/>
    <linkSource sourcePageID="FFCF20B9-7DF9-499E-A761-1E43C158F017" comID="6A937D6B-1E6A-4ECD-9A3B-24F5FE7732C6" comLinkType="cltPageLink"/>
  </page>
  <page ID="5AF0D781-1C69-4FD1-AC90-D6CB9AB4BF0D">
    <linkSource sourcePageID="FFCF20B9-7DF9-499E-A761-1E43C158F017" comID="74650F39-3409-4CA8-9A2B-2DD03B442A27" comLinkType="cltPageLink"/>
    <linkSource sourcePageID="1A622BC5-3642-413D-AD0C-053CCF1B3636" comID="19669FC6-3199-4580-AC34-D471727A4BE0" comLinkType="cltPageLink"/>
    <linkSource sourcePageID="1D6B670A-4FA1-4398-B534-00208812746B" comID="FC23BFDD-BA29-4A59-A525-827238D64063" comLinkType="cltPageLink"/>
    <linkSource sourcePageID="5AF0D781-1C69-4FD1-AC90-D6CB9AB4BF0D" comID="AF179D76-BC04-4DE2-8609-BB3629759536" comLinkType="cltPageLink"/>
    <linkSource sourcePageID="8463E8FA-DEF2-452F-A25F-056778B457C2" comID="BDAA6886-90D5-4F32-8D02-AF64C5D71A11" comLinkType="cltPageLink"/>
    <linkSource sourcePageID="6B5CF7FD-FE8C-4CD5-8BA0-DFA7B2ECF1F0" comID="BDAA6886-90D5-4F32-8D02-AF64C5D71A11" comLinkType="cltPageLink"/>
    <linkSource sourcePageID="02213385-78DF-435E-8A5C-5F4F7E3E31F7" comID="BDAA6886-90D5-4F32-8D02-AF64C5D71A11" comLinkType="cltPageLink"/>
    <linkSource sourcePageID="65C6F0A5-3FE9-49B9-A066-1EE60B946220" comID="B289B2E4-F695-4E1F-A1D3-479DEED24E41" comLinkType="cltPageLink"/>
    <linkSource sourcePageID="EF538E16-EF42-4721-A8F7-09E90520BB10" comID="CDA53A19-D3F2-48E8-989C-60F1A8D4C570" comLinkType="cltPageLink"/>
    <linkSource sourcePageID="FFCF20B9-7DF9-499E-A761-1E43C158F017" comID="D3CFD58B-73B5-4ACF-AE44-FE9EAFC52777" comLinkType="cltPageLink"/>
  </page>
  <page ID="BD450164-CBE8-4224-891B-07962285382D">
    <linkSource sourcePageID="1A622BC5-3642-413D-AD0C-053CCF1B3636" comID="44C7669E-09C8-4997-A288-9EC936AE5067" comLinkType="cltPageLink"/>
    <linkSource sourcePageID="1D6B670A-4FA1-4398-B534-00208812746B" comID="94404DEA-1FD1-4C93-9037-81005D0FD574" comLinkType="cltPageLink"/>
    <linkSource sourcePageID="3185620F-D34C-4873-A742-6AFB7695EF40" comID="F7AEF132-2DB0-4E41-B19D-A5EDCB9E588C" comLinkType="cltPageLink"/>
    <linkSource sourcePageID="77835173-852F-44CE-A06E-EC26B3F6FFCE" comID="62137DB8-D6EF-4C5C-B06D-93D03A03FF7E" comLinkType="cltPageLink"/>
    <linkSource sourcePageID="508AF5C8-009B-465D-991B-C62AF441F505" comID="5B6A01C2-A923-4EFE-AB1E-BC25EC7F9BFC" comLinkType="cltPageLink"/>
    <linkSource sourcePageID="8463E8FA-DEF2-452F-A25F-056778B457C2" comID="35314F6D-5F08-4B8C-A809-9EDDEF37BE1E" comLinkType="cltPageLink"/>
    <linkSource sourcePageID="6B5CF7FD-FE8C-4CD5-8BA0-DFA7B2ECF1F0" comID="7BF7484E-D72A-4C66-9EFF-E2B8D2159D5D" comLinkType="cltPageLink"/>
    <linkSource sourcePageID="02213385-78DF-435E-8A5C-5F4F7E3E31F7" comID="7C94CAFE-BCDA-443B-BDCB-C2AF602EFEAF" comLinkType="cltPageLink"/>
    <linkSource sourcePageID="65C6F0A5-3FE9-49B9-A066-1EE60B946220" comID="3A049617-7579-4230-863C-3762EFE5385E" comLinkType="cltPageLink"/>
    <linkSource sourcePageID="EF538E16-EF42-4721-A8F7-09E90520BB10" comID="EDE319D4-5167-4A60-8874-0B950215EE83" comLinkType="cltPageLink"/>
  </page>
  <page ID="1D6B670A-4FA1-4398-B534-00208812746B">
    <linkSource sourcePageID="BD450164-CBE8-4224-891B-07962285382D" comID="F84F7DB5-67CB-4C6A-A42C-B3585E51D445" comLinkType="cltPageLink"/>
    <linkSource sourcePageID="BD450164-CBE8-4224-891B-07962285382D" comID="FA9E92D9-D8F1-42F3-8F7D-3236A0C02A7B" comLinkType="cltPageLink"/>
    <linkSource sourcePageID="1A622BC5-3642-413D-AD0C-053CCF1B3636" comID="EB3571EA-1DC1-40C7-AA88-611A1B9CA422" comLinkType="cltPageLink"/>
    <linkSource sourcePageID="8E147BAB-4068-42C4-84BA-4AA624A67010" comID="CB9F5075-F63B-43C0-A82D-2BA0E128FB73" comLinkType="cltPageLink"/>
    <linkSource sourcePageID="8E147BAB-4068-42C4-84BA-4AA624A67010" comID="DC954071-DB9F-4707-870B-9E35D7F4D868" comLinkType="cltPageLink"/>
    <linkSource sourcePageID="5AF0D781-1C69-4FD1-AC90-D6CB9AB4BF0D" comID="1844981D-A87F-4D18-8848-343AE53DA8FB" comLinkType="cltPageLink"/>
    <linkSource sourcePageID="5AF0D781-1C69-4FD1-AC90-D6CB9AB4BF0D" comID="031A2201-1626-4950-9AB9-FB02A22E6842" comLinkType="cltPageLink"/>
    <linkSource sourcePageID="BD450164-CBE8-4224-891B-07962285382D" comID="238F509E-0133-463C-9AE5-D554149E0C25" comLinkType="cltPageLink"/>
    <linkSource sourcePageID="BD450164-CBE8-4224-891B-07962285382D" comID="0CC1FE3D-D203-4715-AF32-71AF0E3ECAB3" comLinkType="cltPageLink"/>
    <linkSource sourcePageID="1D6B670A-4FA1-4398-B534-00208812746B" comID="5E138668-FEA5-422F-A857-F7377154363D" comLinkType="cltPageLink"/>
    <linkSource sourcePageID="1D6B670A-4FA1-4398-B534-00208812746B" comID="C68B0EF7-A9A4-491D-8845-9312157B7650" comLinkType="cltPageLink"/>
    <linkSource sourcePageID="508AF5C8-009B-465D-991B-C62AF441F505" comID="A4CDF4E4-6028-474D-B19D-96C67D7ACB53" comLinkType="cltPageLink"/>
    <linkSource sourcePageID="508AF5C8-009B-465D-991B-C62AF441F505" comID="BC54C498-CFB2-4E16-947B-2F2BC1063CE4" comLinkType="cltPageLink"/>
    <linkSource sourcePageID="3185620F-D34C-4873-A742-6AFB7695EF40" comID="77358807-534B-4565-A6E0-E5022F4CE2EA" comLinkType="cltPageLink"/>
    <linkSource sourcePageID="3185620F-D34C-4873-A742-6AFB7695EF40" comID="8BADCE62-5116-4EB6-89DD-A74A41236610" comLinkType="cltPageLink"/>
    <linkSource sourcePageID="77835173-852F-44CE-A06E-EC26B3F6FFCE" comID="5FA47773-7E46-4865-9558-3FC10167C0E3" comLinkType="cltPageLink"/>
    <linkSource sourcePageID="508AF5C8-009B-465D-991B-C62AF441F505" comID="F3DF62E1-21DE-4CDF-AB86-47B643880786" comLinkType="cltPageLink"/>
    <linkSource sourcePageID="8463E8FA-DEF2-452F-A25F-056778B457C2" comID="7D0E9092-D48D-42D5-B9E1-84DCBB3B4532" comLinkType="cltPageLink"/>
    <linkSource sourcePageID="6B5CF7FD-FE8C-4CD5-8BA0-DFA7B2ECF1F0" comID="722D5ED0-A6EA-4221-BA6C-1E2A2DB3E1D2" comLinkType="cltPageLink"/>
    <linkSource sourcePageID="02213385-78DF-435E-8A5C-5F4F7E3E31F7" comID="ED7A70F6-9828-4765-AAC3-84ACBB54EE90" comLinkType="cltPageLink"/>
    <linkSource sourcePageID="65C6F0A5-3FE9-49B9-A066-1EE60B946220" comID="B18A383B-D1C2-41DA-8885-43A4C98E70EE" comLinkType="cltPageLink"/>
    <linkSource sourcePageID="EF538E16-EF42-4721-A8F7-09E90520BB10" comID="ED790AC8-41B9-4F2D-8782-3A7774CF8819" comLinkType="cltPageLink"/>
  </page>
  <page ID="77835173-852F-44CE-A06E-EC26B3F6FFCE">
    <linkSource sourcePageID="65C6F0A5-3FE9-49B9-A066-1EE60B946220" comID="35D3B937-700B-48CF-9C09-3CA3B235DB3C" comLinkType="cltPageLink"/>
    <linkSource sourcePageID="3185620F-D34C-4873-A742-6AFB7695EF40" comID="35D3B937-700B-48CF-9C09-3CA3B235DB3C" comLinkType="cltPageLink"/>
    <linkSource sourcePageID="3185620F-D34C-4873-A742-6AFB7695EF40" comID="1201100D-6860-44BA-ADD9-56CA808A057C" comLinkType="cltPageLink"/>
    <linkSource sourcePageID="02213385-78DF-435E-8A5C-5F4F7E3E31F7" comID="E81EED52-1F22-4DA9-9FCA-8B2305A6BD7D" comLinkType="cltPageLink"/>
    <linkSource sourcePageID="6B5CF7FD-FE8C-4CD5-8BA0-DFA7B2ECF1F0" comID="E81EED52-1F22-4DA9-9FCA-8B2305A6BD7D" comLinkType="cltPageLink"/>
    <linkSource sourcePageID="8463E8FA-DEF2-452F-A25F-056778B457C2" comID="E81EED52-1F22-4DA9-9FCA-8B2305A6BD7D" comLinkType="cltPageLink"/>
    <linkSource sourcePageID="508AF5C8-009B-465D-991B-C62AF441F505" comID="E81EED52-1F22-4DA9-9FCA-8B2305A6BD7D" comLinkType="cltPageLink"/>
    <linkSource sourcePageID="1A622BC5-3642-413D-AD0C-053CCF1B3636" comID="507F126D-4551-453B-AE97-318668477D66" comLinkType="cltPageLink"/>
    <linkSource sourcePageID="FFCF20B9-7DF9-499E-A761-1E43C158F017" comID="C3D539DE-1CBC-45DF-8D91-08D26BB548F8" comLinkType="cltPageLink"/>
    <linkSource sourcePageID="FFCF20B9-7DF9-499E-A761-1E43C158F017" comID="9895B47A-0052-4DF3-9BC1-F50D8D10BDF6" comLinkType="cltPageLink"/>
    <linkSource sourcePageID="FFCF20B9-7DF9-499E-A761-1E43C158F017" comID="83945F9E-D9C4-49F7-AA19-BBC0467C99C7" comLinkType="cltPageLink"/>
    <linkSource sourcePageID="FFCF20B9-7DF9-499E-A761-1E43C158F017" comID="F88C5623-6587-41E3-ACF0-6AF72A7CCC59" comLinkType="cltPageLink"/>
    <linkSource sourcePageID="65C6F0A5-3FE9-49B9-A066-1EE60B946220" comID="AF2254C2-9DB4-4D47-A2F5-0EDB8123D20A" comLinkType="cltPageLink"/>
    <linkSource sourcePageID="3185620F-D34C-4873-A742-6AFB7695EF40" comID="5F781E34-4B65-4C90-855B-465F4C23F694" comLinkType="cltPageLink"/>
    <linkSource sourcePageID="508AF5C8-009B-465D-991B-C62AF441F505" comID="479D6B89-47F7-42E9-AD9E-9E713DAFB9B9" comLinkType="cltPageLink"/>
    <linkSource sourcePageID="BD450164-CBE8-4224-891B-07962285382D" comID="52F2912F-7056-4A85-AF52-CE64024963B8" comLinkType="cltPageLink"/>
    <linkSource sourcePageID="1D6B670A-4FA1-4398-B534-00208812746B" comID="B03BECF8-A9C8-40DE-982C-F632D038659D" comLinkType="cltPageLink"/>
    <linkSource sourcePageID="5AF0D781-1C69-4FD1-AC90-D6CB9AB4BF0D" comID="2DC13318-5B73-40F2-BC69-98292FB0496E" comLinkType="cltPageLink"/>
    <linkSource sourcePageID="8463E8FA-DEF2-452F-A25F-056778B457C2" comID="479D6B89-47F7-42E9-AD9E-9E713DAFB9B9" comLinkType="cltPageLink"/>
    <linkSource sourcePageID="6B5CF7FD-FE8C-4CD5-8BA0-DFA7B2ECF1F0" comID="479D6B89-47F7-42E9-AD9E-9E713DAFB9B9" comLinkType="cltPageLink"/>
    <linkSource sourcePageID="02213385-78DF-435E-8A5C-5F4F7E3E31F7" comID="479D6B89-47F7-42E9-AD9E-9E713DAFB9B9" comLinkType="cltPageLink"/>
    <linkSource sourcePageID="65C6F0A5-3FE9-49B9-A066-1EE60B946220" comID="A3754B07-E13C-4165-8432-BF1D38339011" comLinkType="cltPageLink"/>
  </page>
  <page ID="508AF5C8-009B-465D-991B-C62AF441F505">
    <linkSource sourcePageID="77835173-852F-44CE-A06E-EC26B3F6FFCE" comID="CC3CB143-7331-4C12-B0AE-B55B448E977B" comLinkType="cltPageLink"/>
  </page>
  <page ID="8463E8FA-DEF2-452F-A25F-056778B457C2">
    <linkSource sourcePageID="77835173-852F-44CE-A06E-EC26B3F6FFCE" comID="5CA7753D-15AD-4C60-80AE-5EC796BC01DD" comLinkType="cltPageLink"/>
  </page>
  <page ID="6B5CF7FD-FE8C-4CD5-8BA0-DFA7B2ECF1F0">
    <linkSource sourcePageID="77835173-852F-44CE-A06E-EC26B3F6FFCE" comID="C3401B5C-6357-44AB-A949-DEE5018B08CE" comLinkType="cltPageLink"/>
  </page>
  <page ID="02213385-78DF-435E-8A5C-5F4F7E3E31F7">
    <linkSource sourcePageID="77835173-852F-44CE-A06E-EC26B3F6FFCE" comID="ACC30E83-4043-4E08-9A43-14AE33553873" comLinkType="cltPageLink"/>
  </page>
  <page ID="65C6F0A5-3FE9-49B9-A066-1EE60B946220">
    <linkSource sourcePageID="77835173-852F-44CE-A06E-EC26B3F6FFCE" comID="E81EED52-1F22-4DA9-9FCA-8B2305A6BD7D" comLinkType="cltPageLink"/>
    <linkSource sourcePageID="3185620F-D34C-4873-A742-6AFB7695EF40" comID="337A2A76-3D78-4527-954A-44728ECDEC51" comLinkType="cltPageLink"/>
  </page>
  <page ID="3185620F-D34C-4873-A742-6AFB7695EF40">
    <linkSource sourcePageID="65C6F0A5-3FE9-49B9-A066-1EE60B946220" comID="337A2A76-3D78-4527-954A-44728ECDEC51" comLinkType="cltPageLink"/>
    <linkSource sourcePageID="1D6B670A-4FA1-4398-B534-00208812746B" comID="C27D6D42-7D29-42A9-A70A-71E7EB42CB36" comLinkType="cltPageLink"/>
  </page>
  <page ID="EF538E16-EF42-4721-A8F7-09E90520BB10">
    <linkSource sourcePageID="FFCF20B9-7DF9-499E-A761-1E43C158F017" comID="6F2FA322-3455-42E6-A485-063FB8C1EE4C" comLinkType="cltPageLink"/>
    <linkSource sourcePageID="219CD964-5AC8-42E6-B9BE-378824F6CAEB" comID="1A4EA474-D92F-4125-B4B1-FCBAC66EDE37" comLinkType="cltPageLink"/>
    <linkSource sourcePageID="7F49FF46-566A-4375-AA14-1752836AD65E" comID="DC1B100A-94D6-4013-888F-1BABCF51D042" comLinkType="cltPageLink"/>
    <linkSource sourcePageID="1A622BC5-3642-413D-AD0C-053CCF1B3636" comID="954B0028-AF54-4A49-8089-1FBBBB5CD72E" comLinkType="cltPageLink"/>
    <linkSource sourcePageID="8E147BAB-4068-42C4-84BA-4AA624A67010" comID="7CF440B3-AA90-4D52-9C0A-262640CF0BD6" comLinkType="cltPageLink"/>
    <linkSource sourcePageID="5AF0D781-1C69-4FD1-AC90-D6CB9AB4BF0D" comID="56469753-25E2-432C-8ABC-EA06E1DDD7D1" comLinkType="cltPageLink"/>
    <linkSource sourcePageID="BD450164-CBE8-4224-891B-07962285382D" comID="6E6BF647-9A37-428E-9209-12EC7B2D6A95" comLinkType="cltPageLink"/>
    <linkSource sourcePageID="1D6B670A-4FA1-4398-B534-00208812746B" comID="36E8EBC4-6C30-414F-9DBB-09A56A9CAA8F" comLinkType="cltPageLink"/>
    <linkSource sourcePageID="77835173-852F-44CE-A06E-EC26B3F6FFCE" comID="5ACB74D4-451F-4AD7-9E80-6145DEF432CF" comLinkType="cltPageLink"/>
    <linkSource sourcePageID="508AF5C8-009B-465D-991B-C62AF441F505" comID="2730F4B5-FBBC-4F3F-B7BC-6021FF242970" comLinkType="cltPageLink"/>
    <linkSource sourcePageID="8463E8FA-DEF2-452F-A25F-056778B457C2" comID="2DB64F17-F4AC-4A7A-BAC3-A05C3BA8B343" comLinkType="cltPageLink"/>
    <linkSource sourcePageID="6B5CF7FD-FE8C-4CD5-8BA0-DFA7B2ECF1F0" comID="6ECC1D44-2171-4794-A151-3306D3B3CDDD" comLinkType="cltPageLink"/>
    <linkSource sourcePageID="02213385-78DF-435E-8A5C-5F4F7E3E31F7" comID="510132F0-B916-4B33-B16D-5AD86AE1E04B" comLinkType="cltPageLink"/>
    <linkSource sourcePageID="65C6F0A5-3FE9-49B9-A066-1EE60B946220" comID="31BD70F1-E5EA-47E7-9819-4C6AAD943799" comLinkType="cltPageLink"/>
    <linkSource sourcePageID="3185620F-D34C-4873-A742-6AFB7695EF40" comID="4DF6A7B2-B9AE-45BE-BBE7-702B57FFB327" comLinkType="cltPageLink"/>
    <linkSource sourcePageID="EF538E16-EF42-4721-A8F7-09E90520BB10" comID="16077146-DADC-4CAD-9DCE-46492ABA3766" comLinkType="cltPageLink"/>
  </page>
  <page ID="1A622BC5-3642-413D-AD0C-053CCF1B3636">
    <linkSource sourcePageID="FFCF20B9-7DF9-499E-A761-1E43C158F017" comID="45228356-22F8-4AAB-B7F1-A853974168D1" comLinkType="cltPageLink"/>
    <linkSource sourcePageID="8E147BAB-4068-42C4-84BA-4AA624A67010" comID="1EF1A20F-0584-46A0-B1F4-E6F38A187BE7" comLinkType="cltPageLink"/>
    <linkSource sourcePageID="5AF0D781-1C69-4FD1-AC90-D6CB9AB4BF0D" comID="D06276C7-B7E3-4911-958A-D35B30426C10" comLinkType="cltPageLink"/>
    <linkSource sourcePageID="BD450164-CBE8-4224-891B-07962285382D" comID="BD41B8BF-4A27-44A9-A951-EFA37CB3FDBE" comLinkType="cltPageLink"/>
    <linkSource sourcePageID="1D6B670A-4FA1-4398-B534-00208812746B" comID="BD8BA8BF-1DC0-4A0F-B089-9BB78E4D95A0" comLinkType="cltPageLink"/>
    <linkSource sourcePageID="8463E8FA-DEF2-452F-A25F-056778B457C2" comID="1F72E0FF-6573-4096-BC06-745861A96337" comLinkType="cltPageLink"/>
    <linkSource sourcePageID="6B5CF7FD-FE8C-4CD5-8BA0-DFA7B2ECF1F0" comID="1F72E0FF-6573-4096-BC06-745861A96337" comLinkType="cltPageLink"/>
    <linkSource sourcePageID="02213385-78DF-435E-8A5C-5F4F7E3E31F7" comID="1F72E0FF-6573-4096-BC06-745861A96337" comLinkType="cltPageLink"/>
    <linkSource sourcePageID="65C6F0A5-3FE9-49B9-A066-1EE60B946220" comID="98830447-5386-4D5D-BF84-F2B139F4154A" comLinkType="cltPageLink"/>
    <linkSource sourcePageID="3185620F-D34C-4873-A742-6AFB7695EF40" comID="98830447-5386-4D5D-BF84-F2B139F4154A" comLinkType="cltPageLink"/>
    <linkSource sourcePageID="77835173-852F-44CE-A06E-EC26B3F6FFCE" comID="1F72E0FF-6573-4096-BC06-745861A96337" comLinkType="cltPageLink"/>
    <linkSource sourcePageID="EF538E16-EF42-4721-A8F7-09E90520BB10" comID="49B6D224-B477-4C90-92C7-533404665144" comLinkType="cltPageLink"/>
  </page>
</LinkSources>