﻿<mockup version="5.3" minAllowVersion="5.3" ID="02213385-78DF-435E-8A5C-5F4F7E3E31F7" platform="MtWeb" defaultW="1100" defaultH="6000" measureW="1100" measureH="2000" mobileScreenScale="0">
  <controls controlCount="52">
    <control controlID="56B15511-244F-4768-8730-26A871B4F539" controlTypeID="Shape" x="0" y="0" w="1100" h="54" zOrder="0">
      <color>4294954086</color>
      <borderColor>4292730333</borderColor>
      <font family="%E5%BE%AE%E8%BD%AF%E9%9B%85%E9%BB%91" displayName="%E5%BE%AE%E8%BD%AF%E9%9B%85%E9%BB%91" postScript="" weightStyle="Regular" weight="400" isBold="False" isItalic="False"/>
      <textSize>14</textSize>
      <selectedIndex>-1</selectedIndex>
    </control>
    <control controlID="9198E93F-644E-4181-B579-402D3A32DA79" controlTypeID="Shape" x="111" y="0" w="108" h="54" zOrder="1">
      <color>4294954086</color>
      <borderVisible>False</borderVisible>
      <links eventType="AtClick" animate="AmNone" animateAutoDelay="0" animateDuration="500">
        <link targetPageID="FFCF20B9-7DF9-499E-A761-1E43C158F017" linkType="ltPageLink" isApplyIncludePage="False" title="Home">
          <area shape="0" alt="" ID="{D0D8E652-1DF4-42FD-8455-0D8F5DDABF19}" coords="(0,0,108,54)"/>
        </link>
      </links>
      <font family="%E5%BE%AE%E8%BD%AF%E9%9B%85%E9%BB%91" displayName="%E5%BE%AE%E8%BD%AF%E9%9B%85%E9%BB%91" postScript="" weightStyle="Regular" weight="400" isBold="False" isItalic="False"/>
      <text>Home</text>
      <textSize>18</textSize>
      <useDefaultTextSize>False</useDefaultTextSize>
      <selectedIndex>-1</selectedIndex>
    </control>
    <control controlID="781CBC7B-2968-4139-A4EE-71EC3276F932" controlTypeID="Shape" x="219" y="0" w="108" h="54" zOrder="2">
      <color>4294954086</color>
      <borderVisible>False</borderVisible>
      <interactiveData>
        <entry title="">
          <area shape="0" alt="" ID="{BCB9D89A-8638-471B-9C56-52AA6733EE39}" coords="(0,0,108,54)"/>
          <events title="">
            <event eventType="atClick" isChecked="True">
              <behaviour title="" isChecked="True" isWait="False" isLoop="False" execMode="emParallel">
                <target targetID="510132F0-B916-4B33-B16D-5AD86AE1E04B" isChecked="True" isAutoRecovery="False" isLoop="False" execMode="emSequence">
                  <command name="Change Visibility" isChecked="True" descrition="">
                    <param name="AniInterpolation" value="1" varType="3" description=""/>
                    <param name="AniDuration" value="200" varType="3" description=""/>
                    <param name="AniAutoReverse" value="False" varType="11" description=""/>
                    <param name="AniLoop" value="False" varType="11" description=""/>
                    <param name="AniInterpolationTypeOut" value="False" varType="11" description=""/>
                    <param name="Delay" value="0" varType="3" description=""/>
                    <param name="ValueFromCurrent" value="True" varType="11" description=""/>
                    <param name="ForceFromInitValue" value="False" varType="11" description=""/>
                    <param name="ForceSetVisible" value="False" varType="11" description=""/>
                    <param name="Value" value="2" varType="3" description=""/>
                    <param name="TerminateLoopByClick" value="True" varType="11" description=""/>
                  </command>
                </target>
              </behaviour>
            </event>
          </events>
        </entry>
      </interactiveData>
      <font family="%E5%BE%AE%E8%BD%AF%E9%9B%85%E9%BB%91" displayName="%E5%BE%AE%E8%BD%AF%E9%9B%85%E9%BB%91" postScript="" weightStyle="Regular" weight="400" isBold="False" isItalic="False"/>
      <text>News</text>
      <textSize>18</textSize>
      <useDefaultTextSize>False</useDefaultTextSize>
      <selectedIndex>-1</selectedIndex>
    </control>
    <control controlID="1F72E0FF-6573-4096-BC06-745861A96337" controlTypeID="Shape" x="327" y="0" w="108" h="54" zOrder="3">
      <color>4294954086</color>
      <borderVisible>False</borderVisible>
      <links eventType="AtClick" animate="AmNone" animateAutoDelay="0" animateDuration="500">
        <link targetPageID="1A622BC5-3642-413D-AD0C-053CCF1B3636" linkType="ltPageLink" isApplyIncludePage="False" title="Accessibility">
          <area shape="0" alt="" ID="{4CCDB0EF-DC79-4C7F-B023-F49CDE172B4C}" coords="(0,0,108,54)"/>
        </link>
      </links>
      <font family="%E5%BE%AE%E8%BD%AF%E9%9B%85%E9%BB%91" displayName="%E5%BE%AE%E8%BD%AF%E9%9B%85%E9%BB%91" postScript="" weightStyle="Regular" weight="400" isBold="False" isItalic="False"/>
      <text>Accessibility</text>
      <textSize>18</textSize>
      <useDefaultTextSize>False</useDefaultTextSize>
      <selectedIndex>-1</selectedIndex>
    </control>
    <control controlID="7DAE9A57-9F6A-46F3-BD7B-E605B1A184D9" controlTypeID="Shape" x="435" y="0" w="108" h="54" zOrder="4">
      <color>4294954086</color>
      <borderVisible>False</borderVisible>
      <interactiveData>
        <entry title="">
          <area shape="0" alt="" ID="{361D4594-862E-4A52-B37C-5E77CDBE55AF}" coords="(0,0,108,54)"/>
          <events title="">
            <event eventType="atClick" isChecked="True">
              <behaviour title="" isChecked="True" isWait="False" isLoop="False" execMode="emParallel">
                <target targetID="8CC9B1BE-888A-4F99-A554-7FE70EAD11FF" isChecked="True" isAutoRecovery="False" isLoop="False" execMode="emSequence">
                  <command name="Change Visibility" isChecked="True" descrition="">
                    <param name="AniInterpolation" value="1" varType="3" description=""/>
                    <param name="AniDuration" value="200" varType="3" description=""/>
                    <param name="AniAutoReverse" value="False" varType="11" description=""/>
                    <param name="AniLoop" value="False" varType="11" description=""/>
                    <param name="AniInterpolationTypeOut" value="False" varType="11" description=""/>
                    <param name="Delay" value="0" varType="3" description=""/>
                    <param name="ValueFromCurrent" value="True" varType="11" description=""/>
                    <param name="ForceFromInitValue" value="False" varType="11" description=""/>
                    <param name="ForceSetVisible" value="False" varType="11" description=""/>
                    <param name="Value" value="2" varType="3" description=""/>
                    <param name="TerminateLoopByClick" value="True" varType="11" description=""/>
                  </command>
                </target>
              </behaviour>
            </event>
          </events>
        </entry>
      </interactiveData>
      <font family="%E5%BE%AE%E8%BD%AF%E9%9B%85%E9%BB%91" displayName="%E5%BE%AE%E8%BD%AF%E9%9B%85%E9%BB%91" postScript="" weightStyle="Regular" weight="400" isBold="False" isItalic="False"/>
      <text>More</text>
      <textSize>18</textSize>
      <useDefaultTextSize>False</useDefaultTextSize>
      <selectedIndex>-1</selectedIndex>
    </control>
    <control controlID="BDAA6886-90D5-4F32-8D02-AF64C5D71A11" controlTypeID="Search" x="563" y="10" w="228" h="35" zOrder="5">
      <links eventType="AtClick" animate="AmNone" animateAutoDelay="0" animateDuration="500">
        <link targetPageID="5AF0D781-1C69-4FD1-AC90-D6CB9AB4BF0D" linkType="ltPageLink" isApplyIncludePage="False" title="Search">
          <area shape="0" alt="" ID="{3890CC84-5BC1-44D0-A1F0-E450084AA8CF}" coords="(0,0,228,35)"/>
        </link>
      </links>
      <font family="%E5%BE%AE%E8%BD%AF%E9%9B%85%E9%BB%91" displayName="%E5%BE%AE%E8%BD%AF%E9%9B%85%E9%BB%91" postScript="" weightStyle="Regular" weight="400" isBold="False" isItalic="False"/>
      <textSize>14</textSize>
      <textVAlign>VaTop</textVAlign>
      <lineSpacing>0</lineSpacing>
      <selectedIndex>-1</selectedIndex>
    </control>
    <control controlID="479D6B89-47F7-42E9-AD9E-9E713DAFB9B9" controlTypeID="AvatarEx2" x="806" y="5" w="45" h="45" zOrder="6">
      <borderColor>4294033970</borderColor>
      <links eventType="AtClick" animate="AmNone" animateAutoDelay="0" animateDuration="500">
        <link targetPageID="77835173-852F-44CE-A06E-EC26B3F6FFCE" linkType="ltPageLink" isApplyIncludePage="False" title="%E4%B8%AA%E4%BA%BA%E4%B8%AD%E5%BF%83">
          <area shape="0" alt="" ID="{B91623DB-8279-43A2-9327-03D9D2D7EF33}" coords="(0,0,45,45)"/>
        </link>
      </links>
      <icon>
        <ID/>
        <iconFontName>jdiconfontB</iconFontName>
        <iconCode>59652</iconCode>
      </icon>
      <URL>467605F5F90D9FF65132C1A6EF883F26.svg</URL>
    </control>
    <control controlID="DFFDB341-DA11-4A66-BE52-7F0BFF9ED3F7" controlTypeID="Image" x="65" y="112" w="132" h="130" zOrder="7">
      <clipShapeType>SbEllipse</clipShapeType>
      <URL>21A92E50B4A22F5E1B7564F9D1F15F53.JPG</URL>
    </control>
    <control controlID="C3164626-9C14-41A4-9ED7-E728748A5FEA" controlTypeID="Label" x="240" y="142" w="110" h="27" zOrder="8">
      <font family="%E5%BE%AE%E8%BD%AF%E9%9B%85%E9%BB%91" displayName="%E5%BE%AE%E8%BD%AF%E9%9B%85%E9%BB%91" postScript="" weightStyle="Regular" weight="400" isBold="False" isItalic="False"/>
      <text>USERNAME</text>
      <textColor>4294954035</textColor>
      <textSize>20</textSize>
      <lineSpacing>0</lineSpacing>
      <useDefaultTextSize>False</useDefaultTextSize>
      <selectedIndex>-1</selectedIndex>
    </control>
    <control controlID="CB402D83-4E25-4926-95D5-205A334A3B16" controlTypeID="Label" x="240" y="202" w="361" h="27" zOrder="9">
      <font family="%E5%BE%AE%E8%BD%AF%E9%9B%85%E9%BB%91" displayName="%E5%BE%AE%E8%BD%AF%E9%9B%85%E9%BB%91" postScript="" weightStyle="Regular" weight="400" isBold="False" isItalic="False"/>
      <text>%E4%B8%AA%E6%80%A7%E7%AD%BE%E5%90%8DAAAAAAAAAAAAAAAAAAAA</text>
      <textColor>4288269414</textColor>
      <textSize>20</textSize>
      <lineSpacing>0</lineSpacing>
      <useDefaultTextSize>False</useDefaultTextSize>
      <selectedIndex>-1</selectedIndex>
    </control>
    <control controlID="712A2B85-6641-490B-B819-84B59E9E5F82" controlTypeID="Image" x="380" y="136" w="38" h="40" zOrder="10">
      <URL>620E9BFE9225223FD2B1FA8B7AF87417.png</URL>
    </control>
    <control controlID="F364424C-8632-403C-9C2C-B47EA554C92F" controlTypeID="Shape" x="0" y="274" w="1100" h="56" zOrder="11">
      <font family="%E5%BE%AE%E8%BD%AF%E9%9B%85%E9%BB%91" displayName="%E5%BE%AE%E8%BD%AF%E9%9B%85%E9%BB%91" postScript="" weightStyle="Regular" weight="400" isBold="False" isItalic="False"/>
      <textSize>14</textSize>
      <selectedIndex>-1</selectedIndex>
    </control>
    <control controlID="149068F7-9CD1-4C10-8AA4-EE6374A4AE4D" controlTypeID="Label" x="38" y="283" w="165" h="37" zOrder="12">
      <font family="%E5%BE%AE%E8%BD%AF%E9%9B%85%E9%BB%91" displayName="%E5%BE%AE%E8%BD%AF%E9%9B%85%E9%BB%91" postScript="" weightStyle="Regular" weight="400" isBold="False" isItalic="False"/>
      <text>Subscription</text>
      <textColor>4288269363</textColor>
      <textSize>28</textSize>
      <lineSpacing>0</lineSpacing>
      <useDefaultTextSize>False</useDefaultTextSize>
      <selectedIndex>-1</selectedIndex>
    </control>
    <control controlID="916DE4D2-3C51-4E3D-AD06-4D76583DF569" controlTypeID="Image" x="23" y="356" w="250" h="175" zOrder="13">
      <URL>A5CB6A9ACE601ED1EBC7B94C561F9ECA.jpg</URL>
      <fitMode>fmFill</fitMode>
    </control>
    <control controlID="697F68EE-735A-4114-A564-002E8F689B6F" controlTypeID="Image" x="567" y="356" w="250" h="175" zOrder="14">
      <URL>5FA922233AF2793F67489B72BB83EACF.png</URL>
      <fitMode>fmFill</fitMode>
    </control>
    <control controlID="62AF8081-E746-447F-80C0-497CAAE4FC0C" controlTypeID="Image" x="835" y="356" w="250" h="175" zOrder="15">
      <URL>20870C1965FC72A619F15BCA300D0631.jpg</URL>
      <fitMode>fmFill</fitMode>
    </control>
    <control controlID="ACA2A0A0-AB69-4978-B120-9813A517AF38" controlTypeID="Image" x="292" y="356" w="250" h="175" zOrder="16">
      <URL>DBE4A8A7E05CA9AC0AB170C47740124B.jpg</URL>
      <fitMode>fmFill</fitMode>
    </control>
    <control controlID="6523D2E9-049B-4E7F-B42F-38D4FE75D5A5" controlTypeID="Shape" x="567" y="533" w="250" h="93" zOrder="17">
      <borderVisible>False</borderVisible>
      <font family="%E5%BE%AE%E8%BD%AF%E9%9B%85%E9%BB%91" displayName="%E5%BE%AE%E8%BD%AF%E9%9B%85%E9%BB%91" postScript="" weightStyle="Regular" weight="400" isBold="False" isItalic="False"/>
      <text>%E3%80%90%E8%B5%9B%E5%90%8E%E3%80%91%E5%A4%A9%E6%B4%A5101-112%E5%8C%97%E4%BA%AC%EF%BD%9C%E6%97%B6%E5%BE%B7%E5%B8%8532%2B8%EF%BC%8C%E7%BD%97%E5%88%87%E6%96%AF%E7%89%B929%2B13%EF%BC%9B%E6%B1%89%E5%AF%86%E5%B0%94%E9%A1%BF33%2B10%EF%BC%8C%E6%9D%B0%E5%85%8B%E9%80%8A19%2B7%2B10</text>
      <textSize>16</textSize>
      <useDefaultTextSize>False</useDefaultTextSize>
      <selectedIndex>-1</selectedIndex>
    </control>
    <control controlID="8A9CCEAC-C3D7-467C-A9BB-DD8F99C83C5C" controlTypeID="Shape" x="23" y="531" w="250" h="93" zOrder="18">
      <borderVisible>False</borderVisible>
      <font family="%E5%BE%AE%E8%BD%AF%E9%9B%85%E9%BB%91" displayName="%E5%BE%AE%E8%BD%AF%E9%9B%85%E9%BB%91" postScript="" weightStyle="Regular" weight="400" isBold="False" isItalic="False"/>
      <text>This+is+my+house!++Flash+Back.+%0D%0A5%E5%88%86%E9%92%9F%E9%87%8D%E7%8E%B0%E5%B7%85%E5%B3%B0%E9%97%AA%E7%94%B5%E4%BE%A0%E3%80%82</text>
      <textSize>16</textSize>
      <useDefaultTextSize>False</useDefaultTextSize>
      <selectedIndex>-1</selectedIndex>
    </control>
    <control controlID="50E902DF-C489-4B4A-B810-67BD5FA0163C" controlTypeID="Shape" x="838" y="533" w="252" h="85" zOrder="19">
      <borderVisible>False</borderVisible>
      <font family="%E5%BE%AE%E8%BD%AF%E9%9B%85%E9%BB%91" displayName="%E5%BE%AE%E8%BD%AF%E9%9B%85%E9%BB%91" postScript="" weightStyle="Regular" weight="400" isBold="False" isItalic="False"/>
      <text>%E4%B8%BA%E5%9B%BD%E4%BA%89%E5%85%89%EF%BC%8C%E4%B8%8D%E8%BE%B1%E4%BD%BF%E5%91%BD%E3%80%82%0D%0A2019%E4%B8%96%E7%95%8C%E6%9D%AF%E6%88%91%E4%BB%AC%E6%9D%A5%E4%BA%86</text>
      <textSize>16</textSize>
      <useDefaultTextSize>False</useDefaultTextSize>
      <selectedIndex>-1</selectedIndex>
    </control>
    <control controlID="1359D55F-B3A0-42CF-8459-BECEC87DB680" controlTypeID="Shape" x="295" y="533" w="243" h="93" zOrder="20">
      <borderVisible>False</borderVisible>
      <font family="%E5%BE%AE%E8%BD%AF%E9%9B%85%E9%BB%91" displayName="%E5%BE%AE%E8%BD%AF%E9%9B%85%E9%BB%91" postScript="" weightStyle="Regular" weight="400" isBold="False" isItalic="False"/>
      <text>%E3%80%90%E8%B5%9B%E5%90%8E%E3%80%91%E5%B9%BF%E5%8E%A695-100%E8%BE%BD%E5%AE%81%E4%B8%A8%E7%A6%8F%E7%89%B9%E6%A3%AE16%2B6%2B9%EF%BC%8C%E8%83%A1%E9%87%91%E7%A7%8B17%2B6%EF%BC%9B%E9%83%AD%E8%89%BE%E4%BC%A632%2B5%2B5%EF%BC%8C%E5%B7%B4%E6%96%AF23%2B10+</text>
      <textSize>16</textSize>
      <useDefaultTextSize>False</useDefaultTextSize>
      <selectedIndex>-1</selectedIndex>
    </control>
    <control controlID="E81EED52-1F22-4DA9-9FCA-8B2305A6BD7D" controlTypeID="Button" x="642" y="134" w="364" h="52" zOrder="21">
      <links eventType="AtClick" animate="AmNone" animateAutoDelay="0" animateDuration="500">
        <link targetPageID="77835173-852F-44CE-A06E-EC26B3F6FFCE" linkType="ltPageLink" isApplyIncludePage="False" title="%E4%B8%AA%E4%BA%BA%E4%B8%AD%E5%BF%83">
          <area shape="0" alt="" ID="{64BF208C-DE83-4523-B3D4-AECC37F72595}" coords="(0,0,364,52)"/>
        </link>
      </links>
      <font family="%E5%BE%AE%E8%BD%AF%E9%9B%85%E9%BB%91" displayName="%E5%BE%AE%E8%BD%AF%E9%9B%85%E9%BB%91" postScript="" weightStyle="Regular" weight="400" isBold="False" isItalic="False"/>
      <text>back+to+my+center</text>
      <textColor>4288256256</textColor>
      <textSize>24</textSize>
      <lineSpacing>0</lineSpacing>
      <useDefaultTextSize>False</useDefaultTextSize>
      <selectedIndex>-1</selectedIndex>
      <radius>4</radius>
    </control>
    <control controlID="6B92CDCF-683E-462B-A1A6-990038999F41" controlTypeID="Image" x="23" y="678" w="250" h="175" zOrder="22">
      <URL>A5CB6A9ACE601ED1EBC7B94C561F9ECA.jpg</URL>
      <fitMode>fmFill</fitMode>
    </control>
    <control controlID="B3493F1E-DB90-4F69-9C67-E5F465F55AAB" controlTypeID="Image" x="567" y="678" w="250" h="175" zOrder="23">
      <URL>5FA922233AF2793F67489B72BB83EACF.png</URL>
      <fitMode>fmFill</fitMode>
    </control>
    <control controlID="A07ABE06-D72D-4B0E-AD47-29ECB1021E90" controlTypeID="Image" x="835" y="678" w="250" h="175" zOrder="24">
      <URL>20870C1965FC72A619F15BCA300D0631.jpg</URL>
      <fitMode>fmFill</fitMode>
    </control>
    <control controlID="50408833-0BDB-4AC1-8FCB-19C0CE4DA806" controlTypeID="Image" x="292" y="678" w="250" h="175" zOrder="25">
      <URL>DBE4A8A7E05CA9AC0AB170C47740124B.jpg</URL>
      <fitMode>fmFill</fitMode>
    </control>
    <control controlID="3ED8E151-4F5A-4E84-A86F-274015097189" controlTypeID="Shape" x="567" y="855" w="250" h="93" zOrder="26">
      <borderVisible>False</borderVisible>
      <font family="%E5%BE%AE%E8%BD%AF%E9%9B%85%E9%BB%91" displayName="%E5%BE%AE%E8%BD%AF%E9%9B%85%E9%BB%91" postScript="" weightStyle="Regular" weight="400" isBold="False" isItalic="False"/>
      <text>%E3%80%90%E8%B5%9B%E5%90%8E%E3%80%91%E5%A4%A9%E6%B4%A5101-112%E5%8C%97%E4%BA%AC%EF%BD%9C%E6%97%B6%E5%BE%B7%E5%B8%8532%2B8%EF%BC%8C%E7%BD%97%E5%88%87%E6%96%AF%E7%89%B929%2B13%EF%BC%9B%E6%B1%89%E5%AF%86%E5%B0%94%E9%A1%BF33%2B10%EF%BC%8C%E6%9D%B0%E5%85%8B%E9%80%8A19%2B7%2B10</text>
      <textSize>16</textSize>
      <useDefaultTextSize>False</useDefaultTextSize>
      <selectedIndex>-1</selectedIndex>
    </control>
    <control controlID="D07BC93B-E524-4C73-851F-2C3168F5A7C3" controlTypeID="Shape" x="23" y="853" w="250" h="93" zOrder="27">
      <borderVisible>False</borderVisible>
      <font family="%E5%BE%AE%E8%BD%AF%E9%9B%85%E9%BB%91" displayName="%E5%BE%AE%E8%BD%AF%E9%9B%85%E9%BB%91" postScript="" weightStyle="Regular" weight="400" isBold="False" isItalic="False"/>
      <text>This+is+my+house!++Flash+Back.+%0D%0A5%E5%88%86%E9%92%9F%E9%87%8D%E7%8E%B0%E5%B7%85%E5%B3%B0%E9%97%AA%E7%94%B5%E4%BE%A0%E3%80%82</text>
      <textSize>16</textSize>
      <useDefaultTextSize>False</useDefaultTextSize>
      <selectedIndex>-1</selectedIndex>
    </control>
    <control controlID="8FECAC5F-EC3A-405F-94A1-F4E867C9E80D" controlTypeID="Shape" x="838" y="855" w="252" h="85" zOrder="28">
      <borderVisible>False</borderVisible>
      <font family="%E5%BE%AE%E8%BD%AF%E9%9B%85%E9%BB%91" displayName="%E5%BE%AE%E8%BD%AF%E9%9B%85%E9%BB%91" postScript="" weightStyle="Regular" weight="400" isBold="False" isItalic="False"/>
      <text>%E4%B8%BA%E5%9B%BD%E4%BA%89%E5%85%89%EF%BC%8C%E4%B8%8D%E8%BE%B1%E4%BD%BF%E5%91%BD%E3%80%82%0D%0A2019%E4%B8%96%E7%95%8C%E6%9D%AF%E6%88%91%E4%BB%AC%E6%9D%A5%E4%BA%86</text>
      <textSize>16</textSize>
      <useDefaultTextSize>False</useDefaultTextSize>
      <selectedIndex>-1</selectedIndex>
    </control>
    <control controlID="45BB49D2-0978-4F12-97F6-03533495B5F2" controlTypeID="Shape" x="295" y="855" w="243" h="93" zOrder="29">
      <borderVisible>False</borderVisible>
      <font family="%E5%BE%AE%E8%BD%AF%E9%9B%85%E9%BB%91" displayName="%E5%BE%AE%E8%BD%AF%E9%9B%85%E9%BB%91" postScript="" weightStyle="Regular" weight="400" isBold="False" isItalic="False"/>
      <text>%E3%80%90%E8%B5%9B%E5%90%8E%E3%80%91%E5%B9%BF%E5%8E%A695-100%E8%BE%BD%E5%AE%81%E4%B8%A8%E7%A6%8F%E7%89%B9%E6%A3%AE16%2B6%2B9%EF%BC%8C%E8%83%A1%E9%87%91%E7%A7%8B17%2B6%EF%BC%9B%E9%83%AD%E8%89%BE%E4%BC%A632%2B5%2B5%EF%BC%8C%E5%B7%B4%E6%96%AF23%2B10+</text>
      <textSize>16</textSize>
      <useDefaultTextSize>False</useDefaultTextSize>
      <selectedIndex>-1</selectedIndex>
    </control>
    <control controlID="AF4C2B5E-D729-4EE6-8A7A-C6F355DC019C" controlTypeID="Image" x="50" y="1108" w="84" h="80" zOrder="30">
      <URL>87CC0316963BE0B0CE0BCAD15273B3B0.png</URL>
    </control>
    <control controlID="635DA442-4334-439F-9A98-F7A6248B78D5" controlTypeID="Image" x="23" y="1000" w="250" h="175" zOrder="31">
      <URL>A5CB6A9ACE601ED1EBC7B94C561F9ECA.jpg</URL>
      <fitMode>fmFill</fitMode>
    </control>
    <control controlID="837D97BE-180A-4F39-9DBA-F95832B1C551" controlTypeID="Image" x="567" y="1000" w="250" h="175" zOrder="32">
      <URL>5FA922233AF2793F67489B72BB83EACF.png</URL>
      <fitMode>fmFill</fitMode>
    </control>
    <control controlID="9D9BDA6A-26AF-455A-9B8B-EAF576C7B114" controlTypeID="Image" x="835" y="1000" w="250" h="175" zOrder="33">
      <URL>20870C1965FC72A619F15BCA300D0631.jpg</URL>
      <fitMode>fmFill</fitMode>
    </control>
    <control controlID="8CBB1B9C-EF32-41CD-958A-812166144C85" controlTypeID="Image" x="292" y="1000" w="250" h="175" zOrder="34">
      <URL>DBE4A8A7E05CA9AC0AB170C47740124B.jpg</URL>
      <fitMode>fmFill</fitMode>
    </control>
    <control controlID="B7A98160-98BD-48E5-818B-F7BFBB4CA50C" controlTypeID="Shape" x="567" y="1177" w="250" h="93" zOrder="35">
      <borderVisible>False</borderVisible>
      <font family="%E5%BE%AE%E8%BD%AF%E9%9B%85%E9%BB%91" displayName="%E5%BE%AE%E8%BD%AF%E9%9B%85%E9%BB%91" postScript="" weightStyle="Regular" weight="400" isBold="False" isItalic="False"/>
      <text>%E3%80%90%E8%B5%9B%E5%90%8E%E3%80%91%E5%A4%A9%E6%B4%A5101-112%E5%8C%97%E4%BA%AC%EF%BD%9C%E6%97%B6%E5%BE%B7%E5%B8%8532%2B8%EF%BC%8C%E7%BD%97%E5%88%87%E6%96%AF%E7%89%B929%2B13%EF%BC%9B%E6%B1%89%E5%AF%86%E5%B0%94%E9%A1%BF33%2B10%EF%BC%8C%E6%9D%B0%E5%85%8B%E9%80%8A19%2B7%2B10</text>
      <textSize>16</textSize>
      <useDefaultTextSize>False</useDefaultTextSize>
      <selectedIndex>-1</selectedIndex>
    </control>
    <control controlID="EA984D9D-FDF8-4615-B79E-580EA2C52AE7" controlTypeID="Shape" x="23" y="1175" w="250" h="93" zOrder="36">
      <borderVisible>False</borderVisible>
      <font family="%E5%BE%AE%E8%BD%AF%E9%9B%85%E9%BB%91" displayName="%E5%BE%AE%E8%BD%AF%E9%9B%85%E9%BB%91" postScript="" weightStyle="Regular" weight="400" isBold="False" isItalic="False"/>
      <text>This+is+my+house!++Flash+Back.+%0D%0A5%E5%88%86%E9%92%9F%E9%87%8D%E7%8E%B0%E5%B7%85%E5%B3%B0%E9%97%AA%E7%94%B5%E4%BE%A0%E3%80%82</text>
      <textSize>16</textSize>
      <useDefaultTextSize>False</useDefaultTextSize>
      <selectedIndex>-1</selectedIndex>
    </control>
    <control controlID="93BEC401-2456-4BAC-AB79-D598C619D618" controlTypeID="Shape" x="838" y="1177" w="252" h="85" zOrder="37">
      <borderVisible>False</borderVisible>
      <font family="%E5%BE%AE%E8%BD%AF%E9%9B%85%E9%BB%91" displayName="%E5%BE%AE%E8%BD%AF%E9%9B%85%E9%BB%91" postScript="" weightStyle="Regular" weight="400" isBold="False" isItalic="False"/>
      <text>%E4%B8%BA%E5%9B%BD%E4%BA%89%E5%85%89%EF%BC%8C%E4%B8%8D%E8%BE%B1%E4%BD%BF%E5%91%BD%E3%80%82%0D%0A2019%E4%B8%96%E7%95%8C%E6%9D%AF%E6%88%91%E4%BB%AC%E6%9D%A5%E4%BA%86</text>
      <textSize>16</textSize>
      <useDefaultTextSize>False</useDefaultTextSize>
      <selectedIndex>-1</selectedIndex>
    </control>
    <control controlID="767BD6A7-58FF-43FB-9403-D24DEDE4250E" controlTypeID="Shape" x="295" y="1177" w="243" h="93" zOrder="38">
      <borderVisible>False</borderVisible>
      <font family="%E5%BE%AE%E8%BD%AF%E9%9B%85%E9%BB%91" displayName="%E5%BE%AE%E8%BD%AF%E9%9B%85%E9%BB%91" postScript="" weightStyle="Regular" weight="400" isBold="False" isItalic="False"/>
      <text>%E3%80%90%E8%B5%9B%E5%90%8E%E3%80%91%E5%B9%BF%E5%8E%A695-100%E8%BE%BD%E5%AE%81%E4%B8%A8%E7%A6%8F%E7%89%B9%E6%A3%AE16%2B6%2B9%EF%BC%8C%E8%83%A1%E9%87%91%E7%A7%8B17%2B6%EF%BC%9B%E9%83%AD%E8%89%BE%E4%BC%A632%2B5%2B5%EF%BC%8C%E5%B7%B4%E6%96%AF23%2B10+</text>
      <textSize>16</textSize>
      <useDefaultTextSize>False</useDefaultTextSize>
      <selectedIndex>-1</selectedIndex>
    </control>
    <control controlID="96212BD3-E762-4EE8-A156-CB76F67B93FE" controlTypeID="Image" x="50" y="1434" w="84" h="80" zOrder="39">
      <URL>87CC0316963BE0B0CE0BCAD15273B3B0.png</URL>
    </control>
    <control controlID="A37535BD-62AE-4B75-8821-146DD6AC2511" controlTypeID="Image" x="23" y="1326" w="250" h="175" zOrder="40">
      <URL>A5CB6A9ACE601ED1EBC7B94C561F9ECA.jpg</URL>
      <fitMode>fmFill</fitMode>
    </control>
    <control controlID="D806B9F1-50C0-42BD-9422-9E506C6C95E2" controlTypeID="Image" x="567" y="1326" w="250" h="175" zOrder="41">
      <URL>5FA922233AF2793F67489B72BB83EACF.png</URL>
      <fitMode>fmFill</fitMode>
    </control>
    <control controlID="38FC9656-741F-4FC9-9C28-0240E03D02BB" controlTypeID="Image" x="835" y="1326" w="250" h="175" zOrder="42">
      <URL>20870C1965FC72A619F15BCA300D0631.jpg</URL>
      <fitMode>fmFill</fitMode>
    </control>
    <control controlID="D09804FB-E6AA-4564-92B8-C07A39F25B02" controlTypeID="Image" x="292" y="1326" w="250" h="175" zOrder="43">
      <URL>DBE4A8A7E05CA9AC0AB170C47740124B.jpg</URL>
      <fitMode>fmFill</fitMode>
    </control>
    <control controlID="E22F3331-F92B-484C-9D3F-A1605B83F070" controlTypeID="Shape" x="567" y="1503" w="250" h="93" zOrder="44">
      <borderVisible>False</borderVisible>
      <font family="%E5%BE%AE%E8%BD%AF%E9%9B%85%E9%BB%91" displayName="%E5%BE%AE%E8%BD%AF%E9%9B%85%E9%BB%91" postScript="" weightStyle="Regular" weight="400" isBold="False" isItalic="False"/>
      <text>%E3%80%90%E8%B5%9B%E5%90%8E%E3%80%91%E5%A4%A9%E6%B4%A5101-112%E5%8C%97%E4%BA%AC%EF%BD%9C%E6%97%B6%E5%BE%B7%E5%B8%8532%2B8%EF%BC%8C%E7%BD%97%E5%88%87%E6%96%AF%E7%89%B929%2B13%EF%BC%9B%E6%B1%89%E5%AF%86%E5%B0%94%E9%A1%BF33%2B10%EF%BC%8C%E6%9D%B0%E5%85%8B%E9%80%8A19%2B7%2B10</text>
      <textSize>16</textSize>
      <useDefaultTextSize>False</useDefaultTextSize>
      <selectedIndex>-1</selectedIndex>
    </control>
    <control controlID="880BB0D8-AB42-4093-8BCD-D535A3716B3F" controlTypeID="Shape" x="23" y="1501" w="250" h="93" zOrder="45">
      <borderVisible>False</borderVisible>
      <font family="%E5%BE%AE%E8%BD%AF%E9%9B%85%E9%BB%91" displayName="%E5%BE%AE%E8%BD%AF%E9%9B%85%E9%BB%91" postScript="" weightStyle="Regular" weight="400" isBold="False" isItalic="False"/>
      <text>This+is+my+house!++Flash+Back.+%0D%0A5%E5%88%86%E9%92%9F%E9%87%8D%E7%8E%B0%E5%B7%85%E5%B3%B0%E9%97%AA%E7%94%B5%E4%BE%A0%E3%80%82</text>
      <textSize>16</textSize>
      <useDefaultTextSize>False</useDefaultTextSize>
      <selectedIndex>-1</selectedIndex>
    </control>
    <control controlID="BAE95EC8-2044-4C33-87FE-4EC4B6B4FCCC" controlTypeID="Shape" x="838" y="1503" w="252" h="85" zOrder="46">
      <borderVisible>False</borderVisible>
      <font family="%E5%BE%AE%E8%BD%AF%E9%9B%85%E9%BB%91" displayName="%E5%BE%AE%E8%BD%AF%E9%9B%85%E9%BB%91" postScript="" weightStyle="Regular" weight="400" isBold="False" isItalic="False"/>
      <text>%E4%B8%BA%E5%9B%BD%E4%BA%89%E5%85%89%EF%BC%8C%E4%B8%8D%E8%BE%B1%E4%BD%BF%E5%91%BD%E3%80%82%0D%0A2019%E4%B8%96%E7%95%8C%E6%9D%AF%E6%88%91%E4%BB%AC%E6%9D%A5%E4%BA%86</text>
      <textSize>16</textSize>
      <useDefaultTextSize>False</useDefaultTextSize>
      <selectedIndex>-1</selectedIndex>
    </control>
    <control controlID="3C54096D-CD60-4385-B08D-43A249EAAB9F" controlTypeID="Shape" x="295" y="1503" w="243" h="93" zOrder="47">
      <borderVisible>False</borderVisible>
      <font family="%E5%BE%AE%E8%BD%AF%E9%9B%85%E9%BB%91" displayName="%E5%BE%AE%E8%BD%AF%E9%9B%85%E9%BB%91" postScript="" weightStyle="Regular" weight="400" isBold="False" isItalic="False"/>
      <text>%E3%80%90%E8%B5%9B%E5%90%8E%E3%80%91%E5%B9%BF%E5%8E%A695-100%E8%BE%BD%E5%AE%81%E4%B8%A8%E7%A6%8F%E7%89%B9%E6%A3%AE16%2B6%2B9%EF%BC%8C%E8%83%A1%E9%87%91%E7%A7%8B17%2B6%EF%BC%9B%E9%83%AD%E8%89%BE%E4%BC%A632%2B5%2B5%EF%BC%8C%E5%B7%B4%E6%96%AF23%2B10+</text>
      <textSize>16</textSize>
      <useDefaultTextSize>False</useDefaultTextSize>
      <selectedIndex>-1</selectedIndex>
    </control>
    <control controlID="7C94CAFE-BCDA-443B-BDCB-C2AF602EFEAF" controlTypeID="Shape" x="980" y="3" w="110" h="50" zOrder="48">
      <caption>register</caption>
      <color>4294954086</color>
      <borderVisible>False</borderVisible>
      <links eventType="AtClick" animate="AmNone" animateAutoDelay="0" animateDuration="500">
        <link targetPageID="BD450164-CBE8-4224-891B-07962285382D" linkType="ltPageLink" isApplyIncludePage="False" title="%E6%B3%A8%E5%86%8C">
          <area shape="0" alt="" ID="{F819CD5E-4887-4AE6-B1ED-9635C001332B}" coords="(0,0,110,50)"/>
        </link>
      </links>
      <font family="%E5%BE%AE%E8%BD%AF%E9%9B%85%E9%BB%91" displayName="%E5%BE%AE%E8%BD%AF%E9%9B%85%E9%BB%91" postScript="" weightStyle="Regular" weight="400" isBold="False" isItalic="False"/>
      <text>Register</text>
      <textSize>18</textSize>
      <useDefaultTextSize>False</useDefaultTextSize>
      <selectedIndex>-1</selectedIndex>
    </control>
    <control controlID="ED7A70F6-9828-4765-AAC3-84ACBB54EE90" controlTypeID="Shape" x="868" y="3" w="110" h="50" zOrder="49">
      <caption>Login</caption>
      <color>4294954086</color>
      <borderVisible>False</borderVisible>
      <links eventType="AtClick" animate="AmNone" animateAutoDelay="0" animateDuration="500">
        <link targetPageID="1D6B670A-4FA1-4398-B534-00208812746B" linkType="ltPageLink" isApplyIncludePage="False" title="%E7%99%BB%E9%99%86">
          <area shape="0" alt="" ID="{709ADB83-4511-4B21-9F3C-DCB4548CBE71}" coords="(0,0,110,50)"/>
        </link>
      </links>
      <font family="%E5%BE%AE%E8%BD%AF%E9%9B%85%E9%BB%91" displayName="%E5%BE%AE%E8%BD%AF%E9%9B%85%E9%BB%91" postScript="" weightStyle="Regular" weight="400" isBold="False" isItalic="False"/>
      <text>Login</text>
      <textSize>18</textSize>
      <useDefaultTextSize>False</useDefaultTextSize>
      <selectedIndex>-1</selectedIndex>
    </control>
    <control controlID="510132F0-B916-4B33-B16D-5AD86AE1E04B" controlTypeID="List" x="185" y="51" w="168" h="252" zOrder="50">
      <isShow>False</isShow>
      <color>4294954086</color>
      <borderVisible>False</borderVisible>
      <links eventType="AtClick" animate="AmNone" animateAutoDelay="0" animateDuration="500">
        <link targetPageID="EF538E16-EF42-4721-A8F7-09E90520BB10" linkType="ltPageLink" isApplyIncludePage="False" title="World">
          <area shape="0" alt="" ID="{F92D3D7D-DD6D-4DF8-9985-EB5AA538C568}" coords="(1,1,167,26)"/>
        </link>
        <link targetPageID="" linkType="ltPageLink" isApplyIncludePage="False" title="Asia">
          <area shape="0" alt="" ID="{425336C7-BBA1-4FE4-A82D-AB5D8CC21B50}" coords="(1,26,167,51)"/>
        </link>
        <link targetPageID="" linkType="ltPageLink" isApplyIncludePage="False" title="Business">
          <area shape="0" alt="" ID="{33001601-FD58-4E4F-9A10-0A638F1AD6AA}" coords="(1,51,167,76)"/>
        </link>
      </links>
      <font family="%E5%BE%AE%E8%BD%AF%E9%9B%85%E9%BB%91" displayName="%E5%BE%AE%E8%BD%AF%E9%9B%85%E9%BB%91" postScript="" weightStyle="Regular" weight="400" isBold="False" isItalic="False"/>
      <text>World%0D%0AAsia%0D%0ABusiness%0D%0A</text>
      <textSize>14</textSize>
      <textAlign>HaCenter</textAlign>
      <lineSpacing>0</lineSpacing>
    </control>
    <control controlID="8CC9B1BE-888A-4F99-A554-7FE70EAD11FF" controlTypeID="List" x="408" y="51" w="168" h="252" zOrder="51">
      <isShow>False</isShow>
      <color>4294954086</color>
      <borderVisible>False</borderVisible>
      <font family="%E5%BE%AE%E8%BD%AF%E9%9B%85%E9%BB%91" displayName="%E5%BE%AE%E8%BD%AF%E9%9B%85%E9%BB%91" postScript="" weightStyle="Regular" weight="400" isBold="False" isItalic="False"/>
      <text>Sounds%0D%0ATV%0D%0ARadio%0D%0A</text>
      <textSize>14</textSize>
      <textAlign>HaCenter</textAlign>
      <lineSpacing>0</lineSpacing>
    </control>
  </controls>
  <param>
    <backgroundColor>4294967295</backgroundColor>
    <fontSize>14</fontSize>
    <fontFamily>%E5%BE%AE%E8%BD%AF%E9%9B%85%E9%BB%91</fontFamily>
    <guideLines/>
  </param>
</mockup>