﻿<mockup version="5.3" minAllowVersion="5.3" ID="5AF0D781-1C69-4FD1-AC90-D6CB9AB4BF0D" platform="MtWeb" defaultW="1100" defaultH="6000" measureW="1100" measureH="1700" mobileScreenScale="0">
  <controls controlCount="23">
    <control controlID="AE7F5BF9-9C3E-4387-A1AE-A6A21ED21652" controlTypeID="TextArea" x="842" y="286" w="238" h="93" zOrder="0">
      <states>
        <state propName="TextColor" stateType="state_mouseOver" isChecked="True" value="4279468193" varType="20"/>
      </states>
      <color>0</color>
      <font family="%E5%BE%AE%E8%BD%AF%E9%9B%85%E9%BB%91" displayName="%E5%BE%AE%E8%BD%AF%E9%9B%85%E9%BB%91+Bold" postScript="" weightStyle="Bold" weight="700" isBold="True" isItalic="False"/>
      <text>%E7%BB%93%E6%9D%9F%E4%B8%89%E5%A4%A9%E5%90%AC%E8%AF%81%E3%80%82%0D%0A%E5%AD%9F%E6%99%9A%E8%88%9F%E8%8E%B7%E2%80%9C%E6%9C%89%E6%9D%A1%E4%BB%B6%E2%80%9D%E4%BF%9D%E9%87%8A%E3%80%82</text>
      <textColor>4281545523</textColor>
      <textSize>24</textSize>
      <textStyles>[fsBold]</textStyles>
      <useDefaultTextSize>False</useDefaultTextSize>
      <selectedIndex>-1</selectedIndex>
    </control>
    <control controlID="80F64623-933D-451B-8C1B-4F17AC88EA4F" controlTypeID="TextArea" x="841" y="482" w="238" h="137" zOrder="1">
      <states>
        <state propName="TextColor" stateType="state_mouseOver" isChecked="True" value="4279468193" varType="20"/>
      </states>
      <color>0</color>
      <font family="%E5%BE%AE%E8%BD%AF%E9%9B%85%E9%BB%91" displayName="%E5%BE%AE%E8%BD%AF%E9%9B%85%E9%BB%91" postScript="" weightStyle="Regular" weight="400" isBold="False" isItalic="False"/>
      <text>%E5%AD%9F%E6%99%9A%E8%88%9F%E8%8E%B7%E2%80%9C%E6%9C%89%E6%9D%A1%E4%BB%B6%E2%80%9D%E4%BF%9D%E9%87%8A%E3%80%82</text>
      <textColor>4288256409</textColor>
      <textSize>16</textSize>
      <useDefaultTextSize>False</useDefaultTextSize>
      <selectedIndex>-1</selectedIndex>
    </control>
    <control controlID="54D94E01-AF1A-4518-948F-4073332E0270" controlTypeID="TextArea" x="842" y="401" w="238" h="42" zOrder="2">
      <states>
        <state propName="TextColor" stateType="state_mouseOver" isChecked="True" value="4279468193" varType="20"/>
      </states>
      <color>0</color>
      <font family="%E5%BE%AE%E8%BD%AF%E9%9B%85%E9%BB%91" displayName="%E5%BE%AE%E8%BD%AF%E9%9B%85%E9%BB%91" postScript="" weightStyle="Regular" weight="400" isBold="False" isItalic="False"/>
      <text>%E7%BB%93%E6%9D%9F%E4%B8%89%E5%A4%A9%E5%90%AC%E8%AF%81%E3%80%82</text>
      <textColor>4288256409</textColor>
      <textSize>16</textSize>
      <useDefaultTextSize>False</useDefaultTextSize>
      <selectedIndex>-1</selectedIndex>
    </control>
    <control controlID="E1A60F07-FC47-420A-BEC3-27741412A61E" controlTypeID="VideoPlayer" x="25" y="286" w="780" h="451" zOrder="3"/>
    <control controlID="7C951E8C-5798-469D-B0AF-3E4712BA4644" controlTypeID="Icon" x="841" y="601" w="18" h="18" zOrder="4">
      <color>4288256409</color>
      <icon>
        <ID/>
        <iconFontName>jdIonicons</iconFontName>
        <iconCode>62387</iconCode>
      </icon>
      <URL>0CCFED0BD1BC3BB4D610117937314139.svg</URL>
    </control>
    <control controlID="B88F62C0-3717-4C9D-91A9-95D66D840BEB" controlTypeID="Label" x="865" y="600" w="46" h="19" zOrder="5">
      <color>16777215</color>
      <font family="%E5%BE%AE%E8%BD%AF%E9%9B%85%E9%BB%91" displayName="%E5%BE%AE%E8%BD%AF%E9%9B%85%E9%BB%91" postScript="" weightStyle="Regular" weight="400" isBold="False" isItalic="False"/>
      <text>9h+ago</text>
      <textColor>4281545523</textColor>
      <lineSpacing>0</lineSpacing>
      <selectedIndex>-1</selectedIndex>
    </control>
    <control controlID="24EA2A2B-B292-4CEE-B18B-0874F6A081B4" controlTypeID="Shape" x="0" y="0" w="1100" h="54" zOrder="6">
      <color>4294954086</color>
      <borderColor>4292730333</borderColor>
      <font family="%E5%BE%AE%E8%BD%AF%E9%9B%85%E9%BB%91" displayName="%E5%BE%AE%E8%BD%AF%E9%9B%85%E9%BB%91" postScript="" weightStyle="Regular" weight="400" isBold="False" isItalic="False"/>
      <textSize>14</textSize>
      <selectedIndex>-1</selectedIndex>
    </control>
    <control controlID="557B2A00-DF81-4B19-80F6-52C1681C2D49" controlTypeID="Shape" x="187" y="0" w="108" h="54" zOrder="7">
      <color>4294954086</color>
      <borderVisible>False</borderVisible>
      <font family="%E5%BE%AE%E8%BD%AF%E9%9B%85%E9%BB%91" displayName="%E5%BE%AE%E8%BD%AF%E9%9B%85%E9%BB%91" postScript="" weightStyle="Regular" weight="400" isBold="False" isItalic="False"/>
      <text>Home</text>
      <textSize>18</textSize>
      <useDefaultTextSize>False</useDefaultTextSize>
      <selectedIndex>-1</selectedIndex>
    </control>
    <control controlID="32446AC4-7BB1-4313-B6B6-B1990B7B9957" controlTypeID="Shape" x="295" y="0" w="108" h="54" zOrder="8">
      <color>4294954086</color>
      <borderVisible>False</borderVisible>
      <font family="%E5%BE%AE%E8%BD%AF%E9%9B%85%E9%BB%91" displayName="%E5%BE%AE%E8%BD%AF%E9%9B%85%E9%BB%91" postScript="" weightStyle="Regular" weight="400" isBold="False" isItalic="False"/>
      <text>News</text>
      <textSize>18</textSize>
      <useDefaultTextSize>False</useDefaultTextSize>
      <selectedIndex>-1</selectedIndex>
    </control>
    <control controlID="D06276C7-B7E3-4911-958A-D35B30426C10" controlTypeID="Shape" x="403" y="0" w="108" h="54" zOrder="9">
      <color>4294954086</color>
      <borderVisible>False</borderVisible>
      <font family="%E5%BE%AE%E8%BD%AF%E9%9B%85%E9%BB%91" displayName="%E5%BE%AE%E8%BD%AF%E9%9B%85%E9%BB%91" postScript="" weightStyle="Regular" weight="400" isBold="False" isItalic="False"/>
      <text>Accessibility</text>
      <textSize>18</textSize>
      <useDefaultTextSize>False</useDefaultTextSize>
      <selectedIndex>-1</selectedIndex>
    </control>
    <control controlID="066BB472-9FE4-4D2B-9BD0-ACF5E263FAC7" controlTypeID="Shape" x="511" y="0" w="108" h="54" zOrder="10">
      <color>4294954086</color>
      <borderVisible>False</borderVisible>
      <font family="%E5%BE%AE%E8%BD%AF%E9%9B%85%E9%BB%91" displayName="%E5%BE%AE%E8%BD%AF%E9%9B%85%E9%BB%91" postScript="" weightStyle="Regular" weight="400" isBold="False" isItalic="False"/>
      <text>More</text>
      <textSize>18</textSize>
      <useDefaultTextSize>False</useDefaultTextSize>
      <selectedIndex>-1</selectedIndex>
    </control>
    <control controlID="AF179D76-BC04-4DE2-8609-BB3629759536" controlTypeID="Search" x="639" y="10" w="228" h="35" zOrder="11">
      <font family="%E5%BE%AE%E8%BD%AF%E9%9B%85%E9%BB%91" displayName="%E5%BE%AE%E8%BD%AF%E9%9B%85%E9%BB%91" postScript="" weightStyle="Regular" weight="400" isBold="False" isItalic="False"/>
      <textSize>14</textSize>
      <textVAlign>VaTop</textVAlign>
      <lineSpacing>0</lineSpacing>
      <selectedIndex>-1</selectedIndex>
    </control>
    <control controlID="2DC13318-5B73-40F2-BC69-98292FB0496E" controlTypeID="AvatarEx2" x="882" y="5" w="45" h="45" zOrder="12">
      <borderColor>4294033970</borderColor>
      <icon>
        <ID/>
        <iconFontName>jdiconfontB</iconFontName>
        <iconCode>59652</iconCode>
      </icon>
      <URL>467605F5F90D9FF65132C1A6EF883F26.svg</URL>
    </control>
    <control controlID="C05552CF-C220-4877-BF8C-BA33F0784AF9" controlTypeID="Shape" x="945" y="0" w="155" h="50" zOrder="13">
      <color>4294954086</color>
      <borderVisible>False</borderVisible>
      <font family="%E5%BE%AE%E8%BD%AF%E9%9B%85%E9%BB%91" displayName="%E5%BE%AE%E8%BD%AF%E9%9B%85%E9%BB%91" postScript="" weightStyle="Regular" weight="400" isBold="False" isItalic="False"/>
      <text>Login%2FRegister</text>
      <textSize>18</textSize>
      <useDefaultTextSize>False</useDefaultTextSize>
      <selectedIndex>-1</selectedIndex>
    </control>
    <control controlID="62B522F2-2728-4175-AA88-28B77994C31A" controlTypeID="Search" x="115" y="116" w="773" h="44" zOrder="14">
      <font family="%E5%BE%AE%E8%BD%AF%E9%9B%85%E9%BB%91" displayName="%E5%BE%AE%E8%BD%AF%E9%9B%85%E9%BB%91" postScript="" weightStyle="Regular" weight="400" isBold="False" isItalic="False"/>
      <text>%E5%AD%9F%E6%99%9A%E8%88%9F</text>
      <textSize>18</textSize>
      <textVAlign>VaTop</textVAlign>
      <lineSpacing>0</lineSpacing>
      <useDefaultTextSize>False</useDefaultTextSize>
      <selectedIndex>-1</selectedIndex>
    </control>
    <control controlID="0E9D8E36-30F8-4324-A316-55BC500F6C11" controlTypeID="Button" x="787" y="116" w="101" h="44" zOrder="15">
      <font family="%E5%BE%AE%E8%BD%AF%E9%9B%85%E9%BB%91" displayName="%E5%BE%AE%E8%BD%AF%E9%9B%85%E9%BB%91+Bold" postScript="" weightStyle="Bold" weight="700" isBold="True" isItalic="False"/>
      <text>%E6%90%9C%E7%B4%A2</text>
      <textSize>20</textSize>
      <lineSpacing>0</lineSpacing>
      <textStyles>[fsBold]</textStyles>
      <useDefaultTextSize>False</useDefaultTextSize>
      <selectedIndex>-1</selectedIndex>
      <radius>4</radius>
    </control>
    <control controlID="82F93115-993C-40FC-A7EF-EA9EDA11B905" controlTypeID="Shape" x="31" y="165" w="212" h="46" zOrder="16">
      <borderVisible>False</borderVisible>
      <font family="%E5%BE%AE%E8%BD%AF%E9%9B%85%E9%BB%91" displayName="%E5%BE%AE%E8%BD%AF%E9%9B%85%E9%BB%91+Bold" postScript="" weightStyle="Bold" weight="700" isBold="True" isItalic="False"/>
      <text>Search+Result+%3A+</text>
      <textSize>20</textSize>
      <textStyles>[fsBold]</textStyles>
      <useDefaultTextSize>False</useDefaultTextSize>
      <selectedIndex>-1</selectedIndex>
    </control>
    <control controlID="7A031339-8632-421D-8693-C4B4808FF896" controlTypeID="Shape" x="216" y="165" w="386" h="46" zOrder="17">
      <borderColor>4294967295</borderColor>
      <borderVisible>False</borderVisible>
      <font family="%E5%BE%AE%E8%BD%AF%E9%9B%85%E9%BB%91" displayName="%E5%BE%AE%E8%BD%AF%E9%9B%85%E9%BB%91" postScript="" weightStyle="Regular" weight="400" isBold="False" isItalic="False"/>
      <text>We+have+found+13+related+news+videos.</text>
      <textColor>4291572531</textColor>
      <textSize>16</textSize>
      <useDefaultTextSize>False</useDefaultTextSize>
      <selectedIndex>-1</selectedIndex>
    </control>
    <control controlID="30E4D1FF-1D5A-477E-96D0-E86C56D62142" controlTypeID="Image" x="25" y="826" w="250" h="150" zOrder="18">
      <URL>194097CA515504412616154E77BDCA76.png</URL>
    </control>
    <control controlID="39E91DD6-1E94-43B0-B878-E56300C3B9BC" controlTypeID="Image" x="25" y="1022" w="250" h="150" zOrder="19">
      <URL>3089F2B462ECA76A9ABF6E94856EF4EA.png</URL>
    </control>
    <control controlID="D7BDBBEA-8639-49D7-80F4-1D7F24133D3B" controlTypeID="Image" x="25" y="286" w="780" h="421" zOrder="20">
      <URL>EFFAB6E3CC4F1AEF6ECC0AC0E56B8E09.png</URL>
    </control>
    <control controlID="369ED9A3-45D0-4293-AD5F-BA2F0F6EAD2A" controlTypeID="Image" x="25" y="1220" w="250" h="150" zOrder="21">
      <URL>3089F2B462ECA76A9ABF6E94856EF4EA.png</URL>
    </control>
    <control controlID="91B53056-B566-410E-B926-EEFA705ECF3E" controlTypeID="TextInput" x="0" y="0" w="197" h="50" zOrder="22">
      <color>4294954086</color>
      <font family="%E5%BE%AE%E8%BD%AF%E9%9B%85%E9%BB%91" displayName="%E5%BE%AE%E8%BD%AF%E9%9B%85%E9%BB%91+Bold" postScript="" weightStyle="Bold" weight="700" isBold="True" isItalic="False"/>
      <text>Date%3A2018%2F12%2F18</text>
      <textSize>18</textSize>
      <textAlign>HaCenter</textAlign>
      <lineSpacing>0</lineSpacing>
      <textStyles>[fsBold]</textStyles>
      <useDefaultTextSize>False</useDefaultTextSize>
      <selectedIndex>-1</selectedIndex>
    </control>
  </controls>
  <param>
    <backgroundColor>4294967295</backgroundColor>
    <fontSize>14</fontSize>
    <fontFamily>%E5%BE%AE%E8%BD%AF%E9%9B%85%E9%BB%91</fontFamily>
    <guideLines/>
  </param>
</mockup>