﻿<mockup version="5.3" minAllowVersion="5.3" ID="1A622BC5-3642-413D-AD0C-053CCF1B3636" platform="MtWeb" defaultW="1100" defaultH="6000" measureW="1100" measureH="1400" mobileScreenScale="0">
  <controls controlCount="55">
    <control controlID="BCCE2338-EFD7-41A1-98B0-9142A34D8A04" controlTypeID="Shape" x="0" y="0" w="1100" h="54" zOrder="0">
      <color>4294954086</color>
      <borderColor>4292730333</borderColor>
      <font family="%E5%BE%AE%E8%BD%AF%E9%9B%85%E9%BB%91" displayName="%E5%BE%AE%E8%BD%AF%E9%9B%85%E9%BB%91" postScript="" weightStyle="Regular" weight="400" isBold="False" isItalic="False"/>
      <textSize>14</textSize>
      <selectedIndex>-1</selectedIndex>
    </control>
    <control controlID="A053A929-1C1E-42E1-B449-73F91C70DA47" controlTypeID="Shape" x="27" y="0" w="108" h="54" zOrder="1">
      <caption>home</caption>
      <color>16764006</color>
      <borderVisible>False</borderVisible>
      <links eventType="AtClick" animate="AmNone" animateAutoDelay="0" animateDuration="500">
        <link targetPageID="FFCF20B9-7DF9-499E-A761-1E43C158F017" linkType="ltPageLink" isApplyIncludePage="False" title="Home">
          <area shape="0" alt="" ID="{228A1B19-02BA-4B09-BA64-B15BA79304B0}" coords="(0,0,108,54)"/>
        </link>
      </links>
      <font family="%E5%BE%AE%E8%BD%AF%E9%9B%85%E9%BB%91" displayName="%E5%BE%AE%E8%BD%AF%E9%9B%85%E9%BB%91" postScript="" weightStyle="Regular" weight="400" isBold="False" isItalic="False"/>
      <text>Home</text>
      <textSize>18</textSize>
      <useDefaultTextSize>False</useDefaultTextSize>
      <selectedIndex>-1</selectedIndex>
    </control>
    <control controlID="EC4AE01E-9DE8-401C-86C7-4D9EAAD1D5A3" controlTypeID="Shape" x="145" y="0" w="108" h="54" zOrder="2">
      <caption>news</caption>
      <color>16764006</color>
      <borderVisible>False</borderVisible>
      <interactiveData>
        <entry title="">
          <area shape="0" alt="" ID="{D9487C42-6BD2-4246-B1DB-9048B927E284}" coords="(0,0,108,54)"/>
          <events title="">
            <event eventType="atClick" isChecked="True">
              <behaviour title="" isChecked="True" isWait="False" isLoop="False" execMode="emParallel">
                <target targetID="954B0028-AF54-4A49-8089-1FBBBB5CD72E" isChecked="True" isAutoRecovery="True" isLoop="False" execMode="emSequence">
                  <command name="Change Visibility" isChecked="True" descrition="">
                    <param name="AniInterpolation" value="1" varType="3" description=""/>
                    <param name="AniDuration" value="200" varType="3" description=""/>
                    <param name="AniAutoReverse" value="False" varType="11" description=""/>
                    <param name="AniLoop" value="False" varType="11" description=""/>
                    <param name="AniInterpolationTypeOut" value="False" varType="11" description=""/>
                    <param name="Delay" value="0" varType="3" description=""/>
                    <param name="ValueFromCurrent" value="True" varType="11" description=""/>
                    <param name="ForceFromInitValue" value="False" varType="11" description=""/>
                    <param name="ForceSetVisible" value="False" varType="11" description=""/>
                    <param name="Value" value="2" varType="3" description=""/>
                    <param name="TerminateLoopByClick" value="True" varType="11" description=""/>
                  </command>
                </target>
              </behaviour>
            </event>
          </events>
        </entry>
      </interactiveData>
      <font family="%E5%BE%AE%E8%BD%AF%E9%9B%85%E9%BB%91" displayName="%E5%BE%AE%E8%BD%AF%E9%9B%85%E9%BB%91" postScript="" weightStyle="Regular" weight="400" isBold="False" isItalic="False"/>
      <text>News</text>
      <textSize>18</textSize>
      <useDefaultTextSize>False</useDefaultTextSize>
      <selectedIndex>-1</selectedIndex>
    </control>
    <control controlID="705C6EE8-DCCE-43CF-B542-52492C8DC0F8" controlTypeID="Shape" x="275" y="0" w="108" h="54" zOrder="3">
      <caption>Accessibility</caption>
      <color>16764006</color>
      <borderVisible>False</borderVisible>
      <font family="%E5%BE%AE%E8%BD%AF%E9%9B%85%E9%BB%91" displayName="%E5%BE%AE%E8%BD%AF%E9%9B%85%E9%BB%91" postScript="" weightStyle="Regular" weight="400" isBold="False" isItalic="False"/>
      <text>Accessibility</text>
      <textSize>18</textSize>
      <useDefaultTextSize>False</useDefaultTextSize>
      <selectedIndex>-1</selectedIndex>
    </control>
    <control controlID="596DEECF-5845-4481-AC5B-E4003278F55F" controlTypeID="Shape" x="393" y="0" w="108" h="54" zOrder="4">
      <caption>more</caption>
      <color>16764006</color>
      <borderVisible>False</borderVisible>
      <interactiveData>
        <entry title="">
          <area shape="0" alt="" ID="{8459870E-2C21-459A-946E-72EB828C4043}" coords="(0,0,108,54)"/>
          <events title="">
            <event eventType="atClick" isChecked="True">
              <behaviour title="" isChecked="True" isWait="False" isLoop="False" execMode="emParallel">
                <target targetID="7612F323-1A43-4607-B760-2990A634F230" isChecked="True" isAutoRecovery="True" isLoop="False" execMode="emSequence">
                  <command name="Change Visibility" isChecked="True" descrition="">
                    <param name="AniInterpolation" value="1" varType="3" description=""/>
                    <param name="AniDuration" value="200" varType="3" description=""/>
                    <param name="AniAutoReverse" value="False" varType="11" description=""/>
                    <param name="AniLoop" value="False" varType="11" description=""/>
                    <param name="AniInterpolationTypeOut" value="False" varType="11" description=""/>
                    <param name="Delay" value="0" varType="3" description=""/>
                    <param name="ValueFromCurrent" value="True" varType="11" description=""/>
                    <param name="ForceFromInitValue" value="False" varType="11" description=""/>
                    <param name="ForceSetVisible" value="False" varType="11" description=""/>
                    <param name="Value" value="2" varType="3" description=""/>
                    <param name="TerminateLoopByClick" value="True" varType="11" description=""/>
                  </command>
                </target>
              </behaviour>
            </event>
          </events>
        </entry>
      </interactiveData>
      <font family="%E5%BE%AE%E8%BD%AF%E9%9B%85%E9%BB%91" displayName="%E5%BE%AE%E8%BD%AF%E9%9B%85%E9%BB%91" postScript="" weightStyle="Regular" weight="400" isBold="False" isItalic="False"/>
      <text>More</text>
      <textSize>18</textSize>
      <useDefaultTextSize>False</useDefaultTextSize>
      <selectedIndex>-1</selectedIndex>
    </control>
    <control controlID="19669FC6-3199-4580-AC34-D471727A4BE0" controlTypeID="Search" x="516" y="8" w="228" h="35" zOrder="5">
      <links eventType="AtClick" animate="AmNone" animateAutoDelay="0" animateDuration="500">
        <link targetPageID="5AF0D781-1C69-4FD1-AC90-D6CB9AB4BF0D" linkType="ltPageLink" isApplyIncludePage="False" title="Search">
          <area shape="0" alt="" ID="{5C784DDA-8728-45B2-8F29-CE6AE8FC0EBC}" coords="(0,0,228,35)"/>
        </link>
      </links>
      <font family="%E5%BE%AE%E8%BD%AF%E9%9B%85%E9%BB%91" displayName="%E5%BE%AE%E8%BD%AF%E9%9B%85%E9%BB%91" postScript="" weightStyle="Regular" weight="400" isBold="False" isItalic="False"/>
      <textSize>14</textSize>
      <textVAlign>VaTop</textVAlign>
      <lineSpacing>0</lineSpacing>
      <selectedIndex>-1</selectedIndex>
    </control>
    <control controlID="507F126D-4551-453B-AE97-318668477D66" controlTypeID="AvatarEx2" x="794" y="3" w="45" h="45" zOrder="6">
      <borderColor>4294033970</borderColor>
      <links eventType="AtClick" animate="AmNone" animateAutoDelay="0" animateDuration="500">
        <link targetPageID="77835173-852F-44CE-A06E-EC26B3F6FFCE" linkType="ltPageLink" isApplyIncludePage="False" title="%E4%B8%AA%E4%BA%BA%E4%B8%AD%E5%BF%83">
          <area shape="0" alt="" ID="{9386D7C1-A427-4941-9B6B-A1876203A578}" coords="(0,0,45,45)"/>
        </link>
      </links>
      <icon>
        <ID/>
        <iconFontName>jdiconfontB</iconFontName>
        <iconCode>59652</iconCode>
      </icon>
      <URL>467605F5F90D9FF65132C1A6EF883F26.svg</URL>
    </control>
    <control controlID="44C7669E-09C8-4997-A288-9EC936AE5067" controlTypeID="Shape" x="969" y="3" w="110" h="50" zOrder="7">
      <caption>register</caption>
      <color>16764006</color>
      <borderVisible>False</borderVisible>
      <links eventType="AtClick" animate="AmNone" animateAutoDelay="0" animateDuration="500">
        <link targetPageID="BD450164-CBE8-4224-891B-07962285382D" linkType="ltPageLink" isApplyIncludePage="False" title="%E6%B3%A8%E5%86%8C">
          <area shape="0" alt="" ID="{6C4145FB-1E79-4E22-931E-8664C721760A}" coords="(0,0,110,50)"/>
        </link>
      </links>
      <font family="%E5%BE%AE%E8%BD%AF%E9%9B%85%E9%BB%91" displayName="%E5%BE%AE%E8%BD%AF%E9%9B%85%E9%BB%91" postScript="" weightStyle="Regular" weight="400" isBold="False" isItalic="False"/>
      <text>Register</text>
      <textSize>18</textSize>
      <useDefaultTextSize>False</useDefaultTextSize>
      <selectedIndex>-1</selectedIndex>
    </control>
    <control controlID="EB3571EA-1DC1-40C7-AA88-611A1B9CA422" controlTypeID="Shape" x="857" y="3" w="110" h="50" zOrder="8">
      <caption>Login</caption>
      <color>16764006</color>
      <borderVisible>False</borderVisible>
      <links eventType="AtClick" animate="AmNone" animateAutoDelay="0" animateDuration="500">
        <link targetPageID="1D6B670A-4FA1-4398-B534-00208812746B" linkType="ltPageLink" isApplyIncludePage="False" title="%E7%99%BB%E9%99%86">
          <area shape="0" alt="" ID="{A7B935F6-CF3E-4DA4-97DD-4EE531BC6813}" coords="(0,0,110,50)"/>
        </link>
      </links>
      <font family="%E5%BE%AE%E8%BD%AF%E9%9B%85%E9%BB%91" displayName="%E5%BE%AE%E8%BD%AF%E9%9B%85%E9%BB%91" postScript="" weightStyle="Regular" weight="400" isBold="False" isItalic="False"/>
      <text>Login</text>
      <textSize>18</textSize>
      <useDefaultTextSize>False</useDefaultTextSize>
      <selectedIndex>-1</selectedIndex>
    </control>
    <control controlID="AF956BDD-3D59-46F4-AB53-BADA46DB0CC8" controlTypeID="Panel" x="0" y="53" w="1100" h="242" zOrder="9">
      <caption>back</caption>
      <color>2332019763</color>
      <borderColor>4294967295</borderColor>
      <groupChildrenDescriptors>
        <control controlID="72F2DC20-7773-4B21-A6ED-16B5C3199A7C" controlTypeID="Border" x="0" y="0" w="1100" h="242" zOrder="0">
          <borderColor>4294967295</borderColor>
          <alias>borderLayer</alias>
          <dashMode>SdDash</dashMode>
        </control>
      </groupChildrenDescriptors>
      <thinkness>1</thinkness>
      <dashMode>SdDash</dashMode>
    </control>
    <control controlID="0D4DD433-488C-4E94-B502-B3FAF833FC7D" controlTypeID="Tab" x="0" y="198" w="1100" h="1283" zOrder="10">
      <color>1728040038</color>
      <borderVisible>False</borderVisible>
      <opacity>0.800000011920929</opacity>
      <font family="%E5%BE%AE%E8%BD%AF%E9%9B%85%E9%BB%91" displayName="%E5%BE%AE%E8%BD%AF%E9%9B%85%E9%BB%91" postScript="" weightStyle="Regular" weight="400" isBold="False" isItalic="False"/>
      <text>My+web+home%2CHow+to+guides%2CDisability+on+ABC+Online%2CBest+practice%2CFAQ%2FContact</text>
      <textSize>14</textSize>
      <lineSpacing>0</lineSpacing>
      <useDefaultTextSize>False</useDefaultTextSize>
      <selectedColor>1728040038</selectedColor>
      <radius>9</radius>
      <tabHeight>40</tabHeight>
      <tabWidth>200</tabWidth>
      <selectedTextColor>4281532671</selectedTextColor>
    </control>
    <control controlID="A8DA5BAA-C400-4371-B2D7-E81E5A53E29B" controlTypeID="Shape" x="0" y="94" w="355" h="77" zOrder="11">
      <caption>tips</caption>
      <color>16763955</color>
      <borderVisible>False</borderVisible>
      <font family="%E5%8D%8E%E6%96%87%E7%BB%86%E9%BB%91" displayName="%E5%8D%8E%E6%96%87%E7%BB%86%E9%BB%91" postScript="" weightStyle="Regular" weight="400" isBold="False" isItalic="False" useDefaultFontFamily="False"/>
      <text>My+web+my+way+-</text>
      <textColor>4294967295</textColor>
      <textSize>40</textSize>
      <useDefaultTextSize>False</useDefaultTextSize>
      <selectedIndex>-1</selectedIndex>
    </control>
    <control controlID="CD5AA841-6393-44B5-A32A-8B291A97EC10" controlTypeID="Shape" x="355" y="99" w="265" h="77" zOrder="12">
      <caption>make</caption>
      <color>16777215</color>
      <borderVisible>False</borderVisible>
      <font family="%E5%8D%8E%E6%96%87%E9%9A%B6%E4%B9%A6" displayName="%E5%8D%8E%E6%96%87%E9%9A%B6%E4%B9%A6" postScript="" weightStyle="Regular" weight="400" isBold="False" isItalic="False" useDefaultFontFamily="False"/>
      <text>Making+the+web+easier+to+use</text>
      <textColor>4287927444</textColor>
      <textSize>24</textSize>
      <textAlign>HaLeft</textAlign>
      <useDefaultTextSize>False</useDefaultTextSize>
      <selectedIndex>-1</selectedIndex>
    </control>
    <control controlID="4E8CE8AF-2F95-4A03-AC7A-925AC885982D" controlTypeID="Shape" x="683" y="116" w="386" h="44" zOrder="13">
      <caption>size</caption>
      <color>3388984371</color>
      <borderVisible>False</borderVisible>
      <font family="%E5%BE%AE%E8%BD%AF%E9%9B%85%E9%BB%91" displayName="%E5%BE%AE%E8%BD%AF%E9%9B%85%E9%BB%91" postScript="" weightStyle="Regular" weight="400" isBold="False" isItalic="False"/>
      <text>+Text+size++++++++++++++++++++++++Colour+</text>
      <textSize>18</textSize>
      <textAlign>HaLeft</textAlign>
      <useDefaultTextSize>False</useDefaultTextSize>
      <selectedIndex>-1</selectedIndex>
      <radius>8</radius>
    </control>
    <control controlID="14ED0D3E-8848-429B-835B-A032A336DE22" controlTypeID="VRule" x="869" y="116" w="12" h="44" zOrder="14">
      <color>4278190080</color>
    </control>
    <control controlID="EA2F077E-A3EF-4774-9CEB-22E3932F3C80" controlTypeID="Shape" x="766" y="129" w="35" h="18" zOrder="15">
      <caption>%E5%B0%8F</caption>
      <color>16777215</color>
      <borderVisible>False</borderVisible>
      <font family="%E5%BE%AE%E8%BD%AF%E9%9B%85%E9%BB%91" displayName="%E5%BE%AE%E8%BD%AF%E9%9B%85%E9%BB%91" postScript="" weightStyle="Regular" weight="400" isBold="False" isItalic="False"/>
      <text>A</text>
      <textSize>14</textSize>
      <textStyles>[fsUnderline]</textStyles>
      <selectedIndex>-1</selectedIndex>
    </control>
    <control controlID="445947E1-E39F-4C68-85CE-B78C33A450C0" controlTypeID="Shape" x="801" y="126" w="32" h="24" zOrder="16">
      <caption>%E4%B8%AD</caption>
      <color>16777215</color>
      <borderVisible>False</borderVisible>
      <font family="%E5%BE%AE%E8%BD%AF%E9%9B%85%E9%BB%91" displayName="%E5%BE%AE%E8%BD%AF%E9%9B%85%E9%BB%91" postScript="" weightStyle="Regular" weight="400" isBold="False" isItalic="False"/>
      <text>A</text>
      <textSize>16</textSize>
      <useDefaultTextSize>False</useDefaultTextSize>
      <selectedIndex>-1</selectedIndex>
    </control>
    <control controlID="7E82CD21-0CD4-4CAF-84C7-5AD6A6E78155" controlTypeID="Shape" x="833" y="126" w="36" h="21" zOrder="17">
      <caption>%E5%A4%A7</caption>
      <color>16777215</color>
      <borderVisible>False</borderVisible>
      <font family="%E5%BE%AE%E8%BD%AF%E9%9B%85%E9%BB%91" displayName="%E5%BE%AE%E8%BD%AF%E9%9B%85%E9%BB%91" postScript="" weightStyle="Regular" weight="400" isBold="False" isItalic="False"/>
      <text>A</text>
      <textSize>20</textSize>
      <useDefaultTextSize>False</useDefaultTextSize>
      <selectedIndex>-1</selectedIndex>
    </control>
    <control controlID="867BF57B-E48C-4A1C-B7E6-D749402CA068" controlTypeID="Shape" x="1042" y="129" w="22" h="18" zOrder="18">
      <caption>C1</caption>
      <color>4278190080</color>
      <borderVisible>False</borderVisible>
      <font family="%E5%BE%AE%E8%BD%AF%E9%9B%85%E9%BB%91" displayName="%E5%BE%AE%E8%BD%AF%E9%9B%85%E9%BB%91" postScript="" weightStyle="Regular" weight="400" isBold="False" isItalic="False"/>
      <text>C</text>
      <textColor>4294967040</textColor>
      <textSize>14</textSize>
      <selectedIndex>-1</selectedIndex>
    </control>
    <control controlID="C7157E98-5C2A-4C60-807C-6F59D1867BBF" controlTypeID="Shape" x="1012" y="129" w="22" h="18" zOrder="19">
      <caption>C2</caption>
      <color>4294954086</color>
      <borderVisible>False</borderVisible>
      <font family="%E5%BE%AE%E8%BD%AF%E9%9B%85%E9%BB%91" displayName="%E5%BE%AE%E8%BD%AF%E9%9B%85%E9%BB%91" postScript="" weightStyle="Regular" weight="400" isBold="False" isItalic="False"/>
      <text>C</text>
      <textSize>14</textSize>
      <selectedIndex>-1</selectedIndex>
    </control>
    <control controlID="2410A3AC-9455-420F-B2FC-D246AE88CD52" controlTypeID="Shape" x="985" y="129" w="22" h="18" zOrder="20">
      <caption>C4</caption>
      <borderVisible>False</borderVisible>
      <font family="%E5%BE%AE%E8%BD%AF%E9%9B%85%E9%BB%91" displayName="%E5%BE%AE%E8%BD%AF%E9%9B%85%E9%BB%91" postScript="" weightStyle="Regular" weight="400" isBold="False" isItalic="False"/>
      <text>C</text>
      <textColor>4281532671</textColor>
      <textSize>14</textSize>
      <selectedIndex>-1</selectedIndex>
    </control>
    <control controlID="0D59201F-54A7-45FC-8D10-0E40EB899485" controlTypeID="Shape" x="958" y="129" w="22" h="18" zOrder="21">
      <caption>C3</caption>
      <color>4281584895</color>
      <borderVisible>False</borderVisible>
      <font family="%E5%BE%AE%E8%BD%AF%E9%9B%85%E9%BB%91" displayName="%E5%BE%AE%E8%BD%AF%E9%9B%85%E9%BB%91" postScript="" weightStyle="Regular" weight="400" isBold="False" isItalic="False"/>
      <text>C</text>
      <textColor>4278190335</textColor>
      <textSize>14</textSize>
      <selectedIndex>-1</selectedIndex>
    </control>
    <control controlID="F5A5033E-20F5-4DB5-A4D4-6DBACCECA547" controlTypeID="Shape" x="27" y="264" w="273" h="25" zOrder="22">
      <caption>you</caption>
      <color>16777215</color>
      <borderVisible>False</borderVisible>
      <font family="%E5%BE%AE%E8%BD%AF%E9%9B%85%E9%BB%91" displayName="%E5%BE%AE%E8%BD%AF%E9%9B%85%E9%BB%91" postScript="" weightStyle="Regular" weight="400" isBold="False" isItalic="False"/>
      <text>You+are+on%3A+My+web+my+way+home</text>
      <textSize>14</textSize>
      <selectedIndex>-1</selectedIndex>
    </control>
    <control controlID="8A4EC07A-4540-408F-B69B-85D32470C27E" controlTypeID="Link" x="995" y="266" w="55" h="19" zOrder="23">
      <caption>bitemap</caption>
      <font family="%E5%BE%AE%E8%BD%AF%E9%9B%85%E9%BB%91" displayName="%E5%BE%AE%E8%BD%AF%E9%9B%85%E9%BB%91" postScript="" weightStyle="Regular" weight="400" isBold="False" isItalic="False"/>
      <text>Bitemap</text>
      <textColor>4278190335</textColor>
      <textSize>14</textSize>
      <lineSpacing>0</lineSpacing>
      <selectedIndex>-1</selectedIndex>
    </control>
    <control controlID="86884853-6DA6-4F25-9F44-D1ADC66BF769" controlTypeID="Shape" x="40" y="354" w="660" h="610" zOrder="24">
      <caption>guide</caption>
      <color>1509936128</color>
      <borderColor>4294940928</borderColor>
      <opacity>0.800000011920929</opacity>
      <font family="%E5%BE%AE%E8%BD%AF%E9%9B%85%E9%BB%91" displayName="%E5%BE%AE%E8%BD%AF%E9%9B%85%E9%BB%91" postScript="" weightStyle="Regular" weight="400" isBold="False" isItalic="False"/>
      <textSize>14</textSize>
      <selectedIndex>-1</selectedIndex>
      <radius>24</radius>
    </control>
    <control controlID="451B2800-0DE4-4833-B298-CF24098DCAD3" controlTypeID="Shape" x="40" y="986" w="660" h="160" zOrder="25">
      <caption>Best</caption>
      <color>1644153856</color>
      <borderColor>4294940928</borderColor>
      <opacity>0.899999976158142</opacity>
      <font family="%E5%BE%AE%E8%BD%AF%E9%9B%85%E9%BB%91" displayName="%E5%BE%AE%E8%BD%AF%E9%9B%85%E9%BB%91" postScript="" weightStyle="Regular" weight="400" isBold="False" isItalic="False"/>
      <textSize>14</textSize>
      <selectedIndex>-1</selectedIndex>
      <radius>20</radius>
    </control>
    <control controlID="B70BDB77-BF15-4E2A-BB95-0D8751321AC4" controlTypeID="Shape" x="740" y="665" w="311" h="94" zOrder="26">
      <caption>ABC</caption>
      <color>1509936128</color>
      <borderColor>4294940928</borderColor>
      <opacity>0.899999976158142</opacity>
      <font family="%E5%BE%AE%E8%BD%AF%E9%9B%85%E9%BB%91" displayName="%E5%BE%AE%E8%BD%AF%E9%9B%85%E9%BB%91" postScript="" weightStyle="Regular" weight="400" isBold="False" isItalic="False"/>
      <textSize>14</textSize>
      <selectedIndex>-1</selectedIndex>
      <radius>20</radius>
    </control>
    <control controlID="A0F21797-0255-4D10-BDA2-C22C7C42B8F7" controlTypeID="Shape" x="738" y="354" w="311" h="242" zOrder="27">
      <caption>my+web</caption>
      <color>1509936128</color>
      <borderColor>4294940928</borderColor>
      <opacity>0.899999976158142</opacity>
      <font family="%E5%BE%AE%E8%BD%AF%E9%9B%85%E9%BB%91" displayName="%E5%BE%AE%E8%BD%AF%E9%9B%85%E9%BB%91" postScript="" weightStyle="Regular" weight="400" isBold="False" isItalic="False"/>
      <textSize>18</textSize>
      <textAlign>HaLeft</textAlign>
      <textVAlign>VaBottom</textVAlign>
      <useDefaultTextSize>False</useDefaultTextSize>
      <selectedIndex>-1</selectedIndex>
      <radius>20</radius>
    </control>
    <control controlID="58BC3CC8-B313-4179-BCD9-A28BE432694C" controlTypeID="Shape" x="740" y="844" w="311" h="192" zOrder="28">
      <color>1509936128</color>
      <borderColor>4294940928</borderColor>
      <opacity>0.899999976158142</opacity>
      <font family="%E5%BE%AE%E8%BD%AF%E9%9B%85%E9%BB%91" displayName="%E5%BE%AE%E8%BD%AF%E9%9B%85%E9%BB%91" postScript="" weightStyle="Regular" weight="400" isBold="False" isItalic="False"/>
      <textSize>14</textSize>
      <selectedIndex>-1</selectedIndex>
      <radius>20</radius>
    </control>
    <control controlID="1CE99EEE-56ED-4D29-A6AC-8881189D3316" controlTypeID="Link" x="66" y="374" w="139" h="27" zOrder="29">
      <caption>guide</caption>
      <font family="%E5%BE%AE%E8%BD%AF%E9%9B%85%E9%BB%91" displayName="%E5%BE%AE%E8%BD%AF%E9%9B%85%E9%BB%91" postScript="" weightStyle="Regular" weight="400" isBold="False" isItalic="False"/>
      <text>How+to+guides</text>
      <textColor>4278190335</textColor>
      <textSize>20</textSize>
      <lineSpacing>0</lineSpacing>
      <useDefaultTextSize>False</useDefaultTextSize>
      <selectedIndex>-1</selectedIndex>
    </control>
    <control controlID="04B78150-F603-45E0-A60F-1B7D62F94540" controlTypeID="Link" x="66" y="998" w="109" h="24" zOrder="30">
      <caption>best</caption>
      <font family="%E5%BE%AE%E8%BD%AF%E9%9B%85%E9%BB%91" displayName="%E5%BE%AE%E8%BD%AF%E9%9B%85%E9%BB%91" postScript="" weightStyle="Regular" weight="400" isBold="False" isItalic="False"/>
      <text>Best+practice</text>
      <textColor>4278190335</textColor>
      <textSize>18</textSize>
      <lineSpacing>0</lineSpacing>
      <useDefaultTextSize>False</useDefaultTextSize>
      <selectedIndex>-1</selectedIndex>
    </control>
    <control controlID="78EC31EB-7894-4474-948D-EF3DE2CC1DC1" controlTypeID="Link" x="757" y="376" w="223" h="24" zOrder="31">
      <caption>web</caption>
      <font family="%E5%BE%AE%E8%BD%AF%E9%9B%85%E9%BB%91" displayName="%E5%BE%AE%E8%BD%AF%E9%9B%85%E9%BB%91" postScript="" weightStyle="Regular" weight="400" isBold="False" isItalic="False"/>
      <text>What+is+MY+web+my+way+%3F</text>
      <textColor>4278190335</textColor>
      <textSize>18</textSize>
      <lineSpacing>0</lineSpacing>
      <useDefaultTextSize>False</useDefaultTextSize>
      <selectedIndex>-1</selectedIndex>
    </control>
    <control controlID="C0D4BA38-974E-4780-9F83-DDCA20F67215" controlTypeID="Link" x="757" y="675" w="88" h="24" zOrder="32">
      <caption>abc</caption>
      <font family="%E5%BE%AE%E8%BD%AF%E9%9B%85%E9%BB%91" displayName="%E5%BE%AE%E8%BD%AF%E9%9B%85%E9%BB%91" postScript="" weightStyle="Regular" weight="400" isBold="False" isItalic="False"/>
      <text>ABC+News</text>
      <textColor>4278190335</textColor>
      <textSize>18</textSize>
      <lineSpacing>0</lineSpacing>
      <useDefaultTextSize>False</useDefaultTextSize>
      <selectedIndex>-1</selectedIndex>
    </control>
    <control controlID="AAA567D1-0ED4-4A01-9BC7-676A00EBC570" controlTypeID="Link" x="757" y="862" w="209" h="24" zOrder="33">
      <caption>online</caption>
      <font family="%E5%BE%AE%E8%BD%AF%E9%9B%85%E9%BB%91" displayName="%E5%BE%AE%E8%BD%AF%E9%9B%85%E9%BB%91" postScript="" weightStyle="Regular" weight="400" isBold="False" isItalic="False"/>
      <text>Disability+on+ABC+Online</text>
      <textColor>4278190335</textColor>
      <textSize>18</textSize>
      <lineSpacing>0</lineSpacing>
      <useDefaultTextSize>False</useDefaultTextSize>
      <selectedIndex>-1</selectedIndex>
    </control>
    <control controlID="7DD3F6F2-3681-4F32-AEDA-EE3914BEA483" controlTypeID="HRule" x="40" y="414" w="660" h="12" zOrder="34">
      <color>4294967295</color>
    </control>
    <control controlID="796A36D7-4FD7-4162-BEA9-D716CA49002C" controlTypeID="Shape" x="259" y="362" w="418" h="52" zOrder="35">
      <color>16777215</color>
      <borderVisible>False</borderVisible>
      <font family="%E9%BB%91%E4%BD%93" displayName="%E9%BB%91%E4%BD%93" postScript="" weightStyle="Regular" weight="400" isBold="False" isItalic="False" useDefaultFontFamily="False"/>
      <text>Choose+a+topic+you+would+like+help+with</text>
      <textSize>20</textSize>
      <useDefaultTextSize>False</useDefaultTextSize>
      <selectedIndex>-1</selectedIndex>
    </control>
    <control controlID="A42042FC-6CF1-4D9D-B7AD-7CA933B40E75" controlTypeID="Shape" x="66" y="478" w="284" h="118" zOrder="36">
      <color>1006606592</color>
      <borderColor>4294967295</borderColor>
      <font family="%E9%BB%91%E4%BD%93" displayName="%E9%BB%91%E4%BD%93" postScript="" weightStyle="Regular" weight="400" isBold="False" isItalic="False" useDefaultFontFamily="False"/>
      <text>I+can't+see+very+well</text>
      <textSize>24</textSize>
      <useDefaultTextSize>False</useDefaultTextSize>
      <selectedIndex>-1</selectedIndex>
      <radius>20</radius>
      <thickness>2</thickness>
    </control>
    <control controlID="D32FDE0C-6FF8-478A-8365-12D42D66BAB3" controlTypeID="Shape" x="66" y="646" w="284" h="118" zOrder="37">
      <color>1006606592</color>
      <borderColor>4294967295</borderColor>
      <font family="%E9%BB%91%E4%BD%93" displayName="%E9%BB%91%E4%BD%93" postScript="" weightStyle="Regular" weight="400" isBold="False" isItalic="False" useDefaultFontFamily="False"/>
      <text>I+can't+hear+very+well</text>
      <textSize>24</textSize>
      <useDefaultTextSize>False</useDefaultTextSize>
      <selectedIndex>-1</selectedIndex>
      <radius>20</radius>
      <thickness>2</thickness>
    </control>
    <control controlID="2608CBB5-D74A-40FD-8CFE-A1FE20248A12" controlTypeID="Shape" x="66" y="800" w="284" h="120" zOrder="38">
      <color>1006606592</color>
      <borderColor>4294967295</borderColor>
      <font family="%E9%BB%91%E4%BD%93" displayName="%E9%BB%91%E4%BD%93" postScript="" weightStyle="Regular" weight="400" isBold="False" isItalic="False" useDefaultFontFamily="False"/>
      <text>I+find+a+keyboard+or+mouse+hard+to+use</text>
      <textSize>24</textSize>
      <useDefaultTextSize>False</useDefaultTextSize>
      <selectedIndex>-1</selectedIndex>
      <radius>20</radius>
      <thickness>2</thickness>
    </control>
    <control controlID="F1E10694-C722-4F5E-B523-CB0C9145ADAF" controlTypeID="Shape" x="419" y="645" w="262" h="120" zOrder="39">
      <color>1006606592</color>
      <borderColor>4294967295</borderColor>
      <font family="%E9%BB%91%E4%BD%93" displayName="%E9%BB%91%E4%BD%93" postScript="" weightStyle="Regular" weight="400" isBold="False" isItalic="False" useDefaultFontFamily="False"/>
      <text>I+find+words+difficult</text>
      <textSize>24</textSize>
      <useDefaultTextSize>False</useDefaultTextSize>
      <selectedIndex>-1</selectedIndex>
      <radius>20</radius>
      <thickness>2</thickness>
    </control>
    <control controlID="C6A20332-7A11-4B4D-B086-411A24AE31E6" controlTypeID="Shape" x="419" y="476" w="262" h="120" zOrder="40">
      <color>1006606592</color>
      <borderColor>4294967295</borderColor>
      <font family="%E9%BB%91%E4%BD%93" displayName="%E9%BB%91%E4%BD%93" postScript="" weightStyle="Regular" weight="400" isBold="False" isItalic="False" useDefaultFontFamily="False"/>
      <text>I+am+blind</text>
      <textSize>24</textSize>
      <useDefaultTextSize>False</useDefaultTextSize>
      <selectedIndex>-1</selectedIndex>
      <radius>20</radius>
      <thickness>2</thickness>
    </control>
    <control controlID="47C14F9C-014E-4419-9E80-71C6283DAEC0" controlTypeID="Shape" x="419" y="800" w="258" h="120" zOrder="41">
      <color>1006606592</color>
      <borderColor>4294967295</borderColor>
      <font family="%E9%BB%91%E4%BD%93" displayName="%E9%BB%91%E4%BD%93" postScript="" weightStyle="Regular" weight="400" isBold="False" isItalic="False" useDefaultFontFamily="False"/>
      <text>Browse+all+guides</text>
      <textSize>24</textSize>
      <useDefaultTextSize>False</useDefaultTextSize>
      <selectedIndex>-1</selectedIndex>
      <radius>20</radius>
      <thickness>2</thickness>
    </control>
    <control controlID="72B1125C-7802-45CC-84AA-6E9F5169A82C" controlTypeID="Shape" x="740" y="400" w="309" h="120" zOrder="42">
      <color>16777215</color>
      <borderVisible>False</borderVisible>
      <font family="%E5%BE%AE%E8%BD%AF%E9%9B%85%E9%BB%91" displayName="%E5%BE%AE%E8%BD%AF%E9%9B%85%E9%BB%91" postScript="" weightStyle="Regular" weight="400" isBold="False" isItalic="False"/>
      <text>This+site+provides+accessibility+help%2C+enabling+computer+users+to+make+the+most+of+the+internet+whatever+their+ability+or+disability.</text>
      <textSize>18</textSize>
      <useDefaultTextSize>False</useDefaultTextSize>
      <selectedIndex>-1</selectedIndex>
    </control>
    <control controlID="40CAF00A-3AC9-48EC-95AA-27F3C1D15D38" controlTypeID="Link" x="757" y="542" w="262" h="22" zOrder="43">
      <font family="%E5%BE%AE%E8%BD%AF%E9%9B%85%E9%BB%91" displayName="%E5%BE%AE%E8%BD%AF%E9%9B%85%E9%BB%91" postScript="" weightStyle="Regular" weight="400" isBold="False" isItalic="False"/>
      <text>Read+more+about+My+web+my+way</text>
      <textColor>4278190335</textColor>
      <textSize>16</textSize>
      <lineSpacing>0</lineSpacing>
      <useDefaultTextSize>False</useDefaultTextSize>
      <selectedIndex>-1</selectedIndex>
    </control>
    <control controlID="140C62DC-9C67-4437-8D66-059D1D929EF1" controlTypeID="Link" x="757" y="714" w="201" h="24" zOrder="44">
      <font family="%E5%BE%AE%E8%BD%AF%E9%9B%85%E9%BB%91" displayName="%E5%BE%AE%E8%BD%AF%E9%9B%85%E9%BB%91" postScript="" weightStyle="Regular" weight="400" isBold="False" isItalic="False"/>
      <text>News+connected+studio</text>
      <textColor>4278190335</textColor>
      <textSize>18</textSize>
      <lineSpacing>0</lineSpacing>
      <useDefaultTextSize>False</useDefaultTextSize>
      <selectedIndex>-1</selectedIndex>
    </control>
    <control controlID="01FB6DAB-D103-441F-8C40-4246F847F9F9" controlTypeID="Shape" x="62" y="1022" w="619" h="92" zOrder="45">
      <color>16777215</color>
      <borderVisible>False</borderVisible>
      <font family="%E5%BE%AE%E8%BD%AF%E9%9B%85%E9%BB%91" displayName="%E5%BE%AE%E8%BD%AF%E9%9B%85%E9%BB%91" postScript="" weightStyle="Regular" weight="400" isBold="False" isItalic="False"/>
      <text>Resources+for+making+the+web+a+more+accessible+place</text>
      <textSize>20</textSize>
      <useDefaultTextSize>False</useDefaultTextSize>
      <selectedIndex>-1</selectedIndex>
    </control>
    <control controlID="1EFBA8F5-5722-4AFA-841A-5D8F8751CACD" controlTypeID="Shape" x="757" y="896" w="277" h="87" zOrder="46">
      <color>16777215</color>
      <borderVisible>False</borderVisible>
      <font family="%E5%BE%AE%E8%BD%AF%E9%9B%85%E9%BB%91" displayName="%E5%BE%AE%E8%BD%AF%E9%9B%85%E9%BB%91" postScript="" weightStyle="Regular" weight="400" isBold="False" isItalic="False"/>
      <text>The+best+of+BBC+Online+for+users+with+disabilities</text>
      <textSize>20</textSize>
      <textAlign>HaLeft</textAlign>
      <useDefaultTextSize>False</useDefaultTextSize>
      <selectedIndex>-1</selectedIndex>
    </control>
    <control controlID="A4A7E9F3-0998-40BE-825B-773D6F3F8AEA" controlTypeID="Link" x="757" y="983" w="138" h="27" zOrder="47">
      <font family="%E5%BE%AE%E8%BD%AF%E9%9B%85%E9%BB%91" displayName="%E5%BE%AE%E8%BD%AF%E9%9B%85%E9%BB%91" postScript="" weightStyle="Regular" weight="400" isBold="False" isItalic="False"/>
      <text>You+and+Yours</text>
      <textColor>4278190335</textColor>
      <textSize>20</textSize>
      <lineSpacing>0</lineSpacing>
      <useDefaultTextSize>False</useDefaultTextSize>
      <selectedIndex>-1</selectedIndex>
    </control>
    <control controlID="614EE170-3A26-429B-8AA5-66D12FFF56F3" controlTypeID="Shape" x="1" y="1254" w="1099" h="146" zOrder="48">
      <color>4282598211</color>
      <borderColor>4294967295</borderColor>
      <font family="%E5%BE%AE%E8%BD%AF%E9%9B%85%E9%BB%91" displayName="%E5%BE%AE%E8%BD%AF%E9%9B%85%E9%BB%91" postScript="" weightStyle="Regular" weight="400" isBold="False" isItalic="False"/>
      <textSize>14</textSize>
      <selectedIndex>-1</selectedIndex>
      <thickness>2</thickness>
    </control>
    <control controlID="9080B93E-48FF-4ED8-BA50-EA77B7D057A9" controlTypeID="Shape" x="436" y="1294" w="76" h="66" zOrder="49">
      <color>4284900966</color>
      <borderColor>4294967295</borderColor>
      <font family="%E5%BE%AE%E8%BD%AF%E9%9B%85%E9%BB%91" displayName="%E5%BE%AE%E8%BD%AF%E9%9B%85%E9%BB%91" postScript="" weightStyle="Regular" weight="400" isBold="False" isItalic="False"/>
      <text>A</text>
      <textColor>4294967295</textColor>
      <textSize>60</textSize>
      <useDefaultTextSize>False</useDefaultTextSize>
      <selectedIndex>-1</selectedIndex>
      <thickness>2</thickness>
    </control>
    <control controlID="929ACE8F-1CBA-49B9-B5DA-120AA8347C9F" controlTypeID="Shape" x="512" y="1294" w="76" h="66" zOrder="50">
      <color>4284900966</color>
      <borderColor>4294967295</borderColor>
      <font family="%E5%BE%AE%E8%BD%AF%E9%9B%85%E9%BB%91" displayName="%E5%BE%AE%E8%BD%AF%E9%9B%85%E9%BB%91" postScript="" weightStyle="Regular" weight="400" isBold="False" isItalic="False"/>
      <text>B</text>
      <textColor>4294967295</textColor>
      <textSize>60</textSize>
      <useDefaultTextSize>False</useDefaultTextSize>
      <selectedIndex>-1</selectedIndex>
      <thickness>2</thickness>
    </control>
    <control controlID="AED23B25-A3B4-4F27-8659-3EF77E821E22" controlTypeID="Shape" x="588" y="1294" w="76" h="66" zOrder="51">
      <color>4284900966</color>
      <borderColor>4294967295</borderColor>
      <font family="%E5%BE%AE%E8%BD%AF%E9%9B%85%E9%BB%91" displayName="%E5%BE%AE%E8%BD%AF%E9%9B%85%E9%BB%91" postScript="" weightStyle="Regular" weight="400" isBold="False" isItalic="False"/>
      <text>C</text>
      <textColor>4294967295</textColor>
      <textSize>60</textSize>
      <useDefaultTextSize>False</useDefaultTextSize>
      <selectedIndex>-1</selectedIndex>
      <thickness>2</thickness>
    </control>
    <control controlID="954B0028-AF54-4A49-8089-1FBBBB5CD72E" controlTypeID="List" x="115" y="53" w="168" h="252" zOrder="52">
      <isShow>False</isShow>
      <color>4294954086</color>
      <links eventType="AtClick" animate="AmNone" animateAutoDelay="0" animateDuration="500">
        <link targetPageID="EF538E16-EF42-4721-A8F7-09E90520BB10" linkType="ltPageLink" isApplyIncludePage="False" title="World">
          <area shape="0" alt="" ID="{F92D3D7D-DD6D-4DF8-9985-EB5AA538C568}" coords="(1,1,167,26)"/>
        </link>
        <link targetPageID="" linkType="ltPageLink" isApplyIncludePage="False" title="Asia">
          <area shape="0" alt="" ID="{425336C7-BBA1-4FE4-A82D-AB5D8CC21B50}" coords="(1,26,167,51)"/>
        </link>
        <link targetPageID="" linkType="ltPageLink" isApplyIncludePage="False" title="Business">
          <area shape="0" alt="" ID="{33001601-FD58-4E4F-9A10-0A638F1AD6AA}" coords="(1,51,167,76)"/>
        </link>
      </links>
      <font family="%E5%BE%AE%E8%BD%AF%E9%9B%85%E9%BB%91" displayName="%E5%BE%AE%E8%BD%AF%E9%9B%85%E9%BB%91" postScript="" weightStyle="Regular" weight="400" isBold="False" isItalic="False"/>
      <text>World%0D%0AAsia%0D%0ABusiness%0D%0A</text>
      <textSize>14</textSize>
      <textAlign>HaCenter</textAlign>
      <lineSpacing>0</lineSpacing>
    </control>
    <control controlID="7612F323-1A43-4607-B760-2990A634F230" controlTypeID="List" x="365" y="53" w="168" h="252" zOrder="53">
      <isShow>False</isShow>
      <color>4294954086</color>
      <borderVisible>False</borderVisible>
      <font family="%E5%BE%AE%E8%BD%AF%E9%9B%85%E9%BB%91" displayName="%E5%BE%AE%E8%BD%AF%E9%9B%85%E9%BB%91" postScript="" weightStyle="Regular" weight="400" isBold="False" isItalic="False"/>
      <text>Sounds%0D%0ATV%0D%0ARadio%0D%0A</text>
      <textSize>14</textSize>
      <textAlign>HaCenter</textAlign>
      <lineSpacing>0</lineSpacing>
    </control>
  </controls>
  <param>
    <backgroundColor>4294967295</backgroundColor>
    <fontSize>14</fontSize>
    <fontFamily>%E5%BE%AE%E8%BD%AF%E9%9B%85%E9%BB%91</fontFamily>
    <guideLines/>
  </param>
</mockup>