﻿<mockup version="5.3" minAllowVersion="5.3" ID="65C6F0A5-3FE9-49B9-A066-1EE60B946220" platform="MtWeb" defaultW="1100" defaultH="6000" measureW="1100" measureH="6000" mobileScreenScale="0">
  <controls controlCount="29">
    <control controlID="22EBF801-2D21-414A-B09A-3EE6EB3207D8" controlTypeID="Shape" x="0" y="0" w="1100" h="54" zOrder="0">
      <color>4294954086</color>
      <borderColor>4292730333</borderColor>
      <font family="%E5%BE%AE%E8%BD%AF%E9%9B%85%E9%BB%91" displayName="%E5%BE%AE%E8%BD%AF%E9%9B%85%E9%BB%91" postScript="" weightStyle="Regular" weight="400" isBold="False" isItalic="False"/>
      <textSize>14</textSize>
      <selectedIndex>-1</selectedIndex>
    </control>
    <control controlID="097F3762-527E-42CE-94F1-79BD92D88775" controlTypeID="Shape" x="111" y="0" w="108" h="54" zOrder="1">
      <color>4294954086</color>
      <borderVisible>False</borderVisible>
      <links eventType="AtClick" animate="AmNone" animateAutoDelay="0" animateDuration="500">
        <link targetPageID="FFCF20B9-7DF9-499E-A761-1E43C158F017" linkType="ltPageLink" isApplyIncludePage="False" title="Home">
          <area shape="0" alt="" ID="{F79CCC3A-E3A5-4B84-8EDF-0B9D094F8437}" coords="(0,0,108,54)"/>
        </link>
      </links>
      <font family="%E5%BE%AE%E8%BD%AF%E9%9B%85%E9%BB%91" displayName="%E5%BE%AE%E8%BD%AF%E9%9B%85%E9%BB%91" postScript="" weightStyle="Regular" weight="400" isBold="False" isItalic="False"/>
      <text>Home</text>
      <textSize>18</textSize>
      <useDefaultTextSize>False</useDefaultTextSize>
      <selectedIndex>-1</selectedIndex>
    </control>
    <control controlID="4DD5FD41-EFE1-429C-AA2E-A7A0B800633D" controlTypeID="Shape" x="219" y="0" w="108" h="54" zOrder="2">
      <color>4294954086</color>
      <borderVisible>False</borderVisible>
      <interactiveData>
        <entry title="">
          <area shape="0" alt="" ID="{146F50F9-88A1-4357-83C6-CB96CE205B8C}" coords="(0,0,108,54)"/>
          <events title="">
            <event eventType="atClick" isChecked="True">
              <behaviour title="" isChecked="True" isWait="False" isLoop="False" execMode="emParallel">
                <target targetID="31BD70F1-E5EA-47E7-9819-4C6AAD943799" isChecked="True" isAutoRecovery="False" isLoop="False" execMode="emSequence">
                  <command name="Change Visibility" isChecked="True" descrition="">
                    <param name="AniInterpolation" value="1" varType="3" description=""/>
                    <param name="AniDuration" value="200" varType="3" description=""/>
                    <param name="AniAutoReverse" value="False" varType="11" description=""/>
                    <param name="AniLoop" value="False" varType="11" description=""/>
                    <param name="AniInterpolationTypeOut" value="False" varType="11" description=""/>
                    <param name="Delay" value="0" varType="3" description=""/>
                    <param name="ValueFromCurrent" value="True" varType="11" description=""/>
                    <param name="ForceFromInitValue" value="False" varType="11" description=""/>
                    <param name="ForceSetVisible" value="False" varType="11" description=""/>
                    <param name="Value" value="2" varType="3" description=""/>
                    <param name="TerminateLoopByClick" value="True" varType="11" description=""/>
                  </command>
                </target>
              </behaviour>
            </event>
          </events>
        </entry>
      </interactiveData>
      <font family="%E5%BE%AE%E8%BD%AF%E9%9B%85%E9%BB%91" displayName="%E5%BE%AE%E8%BD%AF%E9%9B%85%E9%BB%91" postScript="" weightStyle="Regular" weight="400" isBold="False" isItalic="False"/>
      <text>News</text>
      <textSize>18</textSize>
      <useDefaultTextSize>False</useDefaultTextSize>
      <selectedIndex>-1</selectedIndex>
    </control>
    <control controlID="98830447-5386-4D5D-BF84-F2B139F4154A" controlTypeID="Shape" x="327" y="0" w="108" h="54" zOrder="3">
      <color>4294954086</color>
      <borderVisible>False</borderVisible>
      <links eventType="AtClick" animate="AmNone" animateAutoDelay="0" animateDuration="500">
        <link targetPageID="1A622BC5-3642-413D-AD0C-053CCF1B3636" linkType="ltPageLink" isApplyIncludePage="False" title="Accessibility">
          <area shape="0" alt="" ID="{D391E3FF-306A-42B1-801F-4165ED6082E8}" coords="(0,0,108,54)"/>
        </link>
      </links>
      <font family="%E5%BE%AE%E8%BD%AF%E9%9B%85%E9%BB%91" displayName="%E5%BE%AE%E8%BD%AF%E9%9B%85%E9%BB%91" postScript="" weightStyle="Regular" weight="400" isBold="False" isItalic="False"/>
      <text>Accessibility</text>
      <textSize>18</textSize>
      <useDefaultTextSize>False</useDefaultTextSize>
      <selectedIndex>-1</selectedIndex>
    </control>
    <control controlID="91C3EF22-65F9-4E29-AA33-DE3177F6939A" controlTypeID="Shape" x="435" y="0" w="108" h="54" zOrder="4">
      <color>4294954086</color>
      <borderVisible>False</borderVisible>
      <interactiveData>
        <entry title="">
          <area shape="0" alt="" ID="{93113277-BAFF-4F10-B5B3-F53834BE70D7}" coords="(0,0,108,54)"/>
          <events title="">
            <event eventType="atClick" isChecked="True">
              <behaviour title="" isChecked="True" isWait="False" isLoop="False" execMode="emParallel">
                <target targetID="2E01000F-8879-4A7F-B664-F55F52C2ECAC" isChecked="True" isAutoRecovery="False" isLoop="False" execMode="emSequence">
                  <command name="Change Visibility" isChecked="True" descrition="">
                    <param name="AniInterpolation" value="1" varType="3" description=""/>
                    <param name="AniDuration" value="200" varType="3" description=""/>
                    <param name="AniAutoReverse" value="False" varType="11" description=""/>
                    <param name="AniLoop" value="False" varType="11" description=""/>
                    <param name="AniInterpolationTypeOut" value="False" varType="11" description=""/>
                    <param name="Delay" value="0" varType="3" description=""/>
                    <param name="ValueFromCurrent" value="True" varType="11" description=""/>
                    <param name="ForceFromInitValue" value="False" varType="11" description=""/>
                    <param name="ForceSetVisible" value="False" varType="11" description=""/>
                    <param name="Value" value="2" varType="3" description=""/>
                    <param name="TerminateLoopByClick" value="True" varType="11" description=""/>
                  </command>
                </target>
              </behaviour>
            </event>
          </events>
        </entry>
      </interactiveData>
      <font family="%E5%BE%AE%E8%BD%AF%E9%9B%85%E9%BB%91" displayName="%E5%BE%AE%E8%BD%AF%E9%9B%85%E9%BB%91" postScript="" weightStyle="Regular" weight="400" isBold="False" isItalic="False"/>
      <text>More</text>
      <textSize>18</textSize>
      <useDefaultTextSize>False</useDefaultTextSize>
      <selectedIndex>-1</selectedIndex>
    </control>
    <control controlID="B289B2E4-F695-4E1F-A1D3-479DEED24E41" controlTypeID="Search" x="563" y="10" w="228" h="35" zOrder="5">
      <links eventType="AtClick" animate="AmNone" animateAutoDelay="0" animateDuration="500">
        <link targetPageID="5AF0D781-1C69-4FD1-AC90-D6CB9AB4BF0D" linkType="ltPageLink" isApplyIncludePage="False" title="Search">
          <area shape="0" alt="" ID="{B5FA6846-8709-4561-86D7-83C6BBFAFB21}" coords="(0,0,228,35)"/>
        </link>
      </links>
      <font family="%E5%BE%AE%E8%BD%AF%E9%9B%85%E9%BB%91" displayName="%E5%BE%AE%E8%BD%AF%E9%9B%85%E9%BB%91" postScript="" weightStyle="Regular" weight="400" isBold="False" isItalic="False"/>
      <textSize>14</textSize>
      <textVAlign>VaTop</textVAlign>
      <lineSpacing>0</lineSpacing>
      <selectedIndex>-1</selectedIndex>
    </control>
    <control controlID="A3754B07-E13C-4165-8432-BF1D38339011" controlTypeID="AvatarEx2" x="806" y="5" w="45" h="45" zOrder="6">
      <borderColor>4294033970</borderColor>
      <links eventType="AtClick" animate="AmNone" animateAutoDelay="0" animateDuration="500">
        <link targetPageID="77835173-852F-44CE-A06E-EC26B3F6FFCE" linkType="ltPageLink" isApplyIncludePage="False" title="%E4%B8%AA%E4%BA%BA%E4%B8%AD%E5%BF%83">
          <area shape="0" alt="" ID="{88A6CB1D-2E82-4F0B-9318-284F0FF33A17}" coords="(0,0,45,45)"/>
        </link>
      </links>
      <icon>
        <ID/>
        <iconFontName>jdiconfontB</iconFontName>
        <iconCode>59652</iconCode>
      </icon>
      <URL>467605F5F90D9FF65132C1A6EF883F26.svg</URL>
    </control>
    <control controlID="EBC3CD75-8328-4D8B-93F5-10E1D4885BC0" controlTypeID="Image" x="364" y="232" w="132" h="130" zOrder="7">
      <clipShapeType>SbEllipse</clipShapeType>
      <URL>21A92E50B4A22F5E1B7564F9D1F15F53.JPG</URL>
    </control>
    <control controlID="176EFC11-0A1A-4332-BEEB-676FA23624D6" controlTypeID="Image" x="540" y="234" w="38" h="40" zOrder="8">
      <URL>620E9BFE9225223FD2B1FA8B7AF87417.png</URL>
    </control>
    <control controlID="35D3B937-700B-48CF-9C09-3CA3B235DB3C" controlTypeID="Button" x="148" y="112" w="277" h="53" zOrder="9">
      <links eventType="AtClick" animate="AmNone" animateAutoDelay="0" animateDuration="500">
        <link targetPageID="77835173-852F-44CE-A06E-EC26B3F6FFCE" linkType="ltPageLink" isApplyIncludePage="False" title="%E4%B8%AA%E4%BA%BA%E4%B8%AD%E5%BF%83">
          <area shape="0" alt="" ID="{96EE09AB-E7A7-4623-84D5-FCB96CFB7433}" coords="(0,0,277,53)"/>
        </link>
      </links>
      <font family="%E5%BE%AE%E8%BD%AF%E9%9B%85%E9%BB%91" displayName="%E5%BE%AE%E8%BD%AF%E9%9B%85%E9%BB%91" postScript="" weightStyle="Regular" weight="400" isBold="False" isItalic="False"/>
      <text>My+Center</text>
      <textColor>4288256256</textColor>
      <textSize>24</textSize>
      <lineSpacing>0</lineSpacing>
      <useDefaultTextSize>False</useDefaultTextSize>
      <selectedIndex>-1</selectedIndex>
      <radius>4</radius>
    </control>
    <control controlID="A17D9402-433B-4C2C-B31C-75E4FD1839F4" controlTypeID="TextInput" x="432" y="454" w="330" h="30" zOrder="10">
      <font family="%E5%BE%AE%E8%BD%AF%E9%9B%85%E9%BB%91" displayName="%E5%BE%AE%E8%BD%AF%E9%9B%85%E9%BB%91" postScript="" weightStyle="Regular" weight="400" isBold="False" isItalic="False"/>
      <lineSpacing>0</lineSpacing>
      <selectedIndex>-1</selectedIndex>
    </control>
    <control controlID="899AABFC-85C2-496D-91F5-25B913D7C9B0" controlTypeID="Label" x="290" y="453" w="115" h="32" zOrder="11">
      <font family="%E5%BE%AE%E8%BD%AF%E9%9B%85%E9%BB%91" displayName="%E5%BE%AE%E8%BD%AF%E9%9B%85%E9%BB%91" postScript="" weightStyle="Regular" weight="400" isBold="False" isItalic="False"/>
      <text>signature%EF%BC%9A</text>
      <textColor>4288256460</textColor>
      <textSize>24</textSize>
      <lineSpacing>0</lineSpacing>
      <useDefaultTextSize>False</useDefaultTextSize>
      <selectedIndex>-1</selectedIndex>
    </control>
    <control controlID="B30A34AD-211F-4D00-BD16-C0B7C21FE5C1" controlTypeID="Label" x="285" y="513" w="120" h="32" zOrder="12">
      <font family="%E5%BE%AE%E8%BD%AF%E9%9B%85%E9%BB%91" displayName="%E5%BE%AE%E8%BD%AF%E9%9B%85%E9%BB%91" postScript="" weightStyle="Regular" weight="400" isBold="False" isItalic="False"/>
      <text>username%EF%BC%9A</text>
      <textColor>4288256409</textColor>
      <textSize>24</textSize>
      <lineSpacing>0</lineSpacing>
      <useDefaultTextSize>False</useDefaultTextSize>
      <selectedIndex>-1</selectedIndex>
    </control>
    <control controlID="82F41AEF-F456-4E76-A722-1727BD494625" controlTypeID="Label" x="281" y="729" w="124" h="32" zOrder="13">
      <font family="%E5%BE%AE%E8%BD%AF%E9%9B%85%E9%BB%91" displayName="%E5%BE%AE%E8%BD%AF%E9%9B%85%E9%BB%91" postScript="" weightStyle="Regular" weight="400" isBold="False" isItalic="False"/>
      <text>telephone%EF%BC%9A</text>
      <textColor>4288256409</textColor>
      <textSize>24</textSize>
      <lineSpacing>0</lineSpacing>
      <useDefaultTextSize>False</useDefaultTextSize>
      <selectedIndex>-1</selectedIndex>
    </control>
    <control controlID="0399AB81-B485-4EC2-AEF8-495546BBD5EF" controlTypeID="Label" x="338" y="652" w="67" h="32" zOrder="14">
      <font family="%E5%BE%AE%E8%BD%AF%E9%9B%85%E9%BB%91" displayName="%E5%BE%AE%E8%BD%AF%E9%9B%85%E9%BB%91" postScript="" weightStyle="Regular" weight="400" isBold="False" isItalic="False"/>
      <text>email%3A</text>
      <textColor>4288256409</textColor>
      <textSize>24</textSize>
      <lineSpacing>0</lineSpacing>
      <useDefaultTextSize>False</useDefaultTextSize>
      <selectedIndex>-1</selectedIndex>
    </control>
    <control controlID="6D64C29C-13A5-4320-A8EF-7499FBB5BD11" controlTypeID="TextInput" x="432" y="514" w="330" h="30" zOrder="15">
      <font family="%E5%BE%AE%E8%BD%AF%E9%9B%85%E9%BB%91" displayName="%E5%BE%AE%E8%BD%AF%E9%9B%85%E9%BB%91" postScript="" weightStyle="Regular" weight="400" isBold="False" isItalic="False"/>
      <lineSpacing>0</lineSpacing>
      <selectedIndex>-1</selectedIndex>
    </control>
    <control controlID="E5F37AA7-88B5-47F3-956C-0E7F85B4F011" controlTypeID="TextInput" x="432" y="583" w="330" h="30" zOrder="16">
      <font family="%E5%BE%AE%E8%BD%AF%E9%9B%85%E9%BB%91" displayName="%E5%BE%AE%E8%BD%AF%E9%9B%85%E9%BB%91" postScript="" weightStyle="Regular" weight="400" isBold="False" isItalic="False"/>
      <lineSpacing>0</lineSpacing>
      <selectedIndex>-1</selectedIndex>
    </control>
    <control controlID="74A30339-452E-4036-AF11-38C8AC30388E" controlTypeID="TextInput" x="432" y="653" w="330" h="30" zOrder="17">
      <font family="%E5%BE%AE%E8%BD%AF%E9%9B%85%E9%BB%91" displayName="%E5%BE%AE%E8%BD%AF%E9%9B%85%E9%BB%91" postScript="" weightStyle="Regular" weight="400" isBold="False" isItalic="False"/>
      <lineSpacing>0</lineSpacing>
      <selectedIndex>-1</selectedIndex>
    </control>
    <control controlID="0624616C-B107-45BA-AA81-7C99A967D64A" controlTypeID="TextInput" x="432" y="730" w="330" h="30" zOrder="18">
      <font family="%E5%BE%AE%E8%BD%AF%E9%9B%85%E9%BB%91" displayName="%E5%BE%AE%E8%BD%AF%E9%9B%85%E9%BB%91" postScript="" weightStyle="Regular" weight="400" isBold="False" isItalic="False"/>
      <lineSpacing>0</lineSpacing>
      <selectedIndex>-1</selectedIndex>
    </control>
    <control controlID="E31DF8E4-A6E0-428F-83DE-532D8C4128A5" controlTypeID="Label" x="312" y="582" w="93" h="32" zOrder="19">
      <font family="%E5%BE%AE%E8%BD%AF%E9%9B%85%E9%BB%91" displayName="%E5%BE%AE%E8%BD%AF%E9%9B%85%E9%BB%91" postScript="" weightStyle="Regular" weight="400" isBold="False" isItalic="False"/>
      <text>address%3A</text>
      <textColor>4288256409</textColor>
      <textSize>24</textSize>
      <lineSpacing>0</lineSpacing>
      <useDefaultTextSize>False</useDefaultTextSize>
      <selectedIndex>-1</selectedIndex>
    </control>
    <control controlID="6CFD934C-4F76-4573-BE88-F96BE3246F32" controlTypeID="Label" x="534" y="300" w="181" h="32" zOrder="20">
      <font family="%E5%BE%AE%E8%BD%AF%E9%9B%85%E9%BB%91" displayName="%E5%BE%AE%E8%BD%AF%E9%9B%85%E9%BB%91" postScript="" weightStyle="Regular" weight="400" isBold="False" isItalic="False"/>
      <text>change+user+tile</text>
      <textColor>4288256256</textColor>
      <textSize>24</textSize>
      <lineSpacing>0</lineSpacing>
      <useDefaultTextSize>False</useDefaultTextSize>
      <selectedIndex>-1</selectedIndex>
    </control>
    <control controlID="67D206B4-7F28-4A3C-BA2F-6BE2E250C065" controlTypeID="Label" x="364" y="806" w="41" h="32" zOrder="21">
      <font family="%E5%BE%AE%E8%BD%AF%E9%9B%85%E9%BB%91" displayName="%E5%BE%AE%E8%BD%AF%E9%9B%85%E9%BB%91" postScript="" weightStyle="Regular" weight="400" isBold="False" isItalic="False"/>
      <text>sex%3A</text>
      <textColor>4288256409</textColor>
      <textSize>24</textSize>
      <lineSpacing>0</lineSpacing>
      <useDefaultTextSize>False</useDefaultTextSize>
      <selectedIndex>-1</selectedIndex>
    </control>
    <control controlID="829E842E-BBC4-47C6-8B50-5BB0769DCC56" controlTypeID="TextInput" x="432" y="808" w="330" h="30" zOrder="22">
      <font family="%E5%BE%AE%E8%BD%AF%E9%9B%85%E9%BB%91" displayName="%E5%BE%AE%E8%BD%AF%E9%9B%85%E9%BB%91" postScript="" weightStyle="Regular" weight="400" isBold="False" isItalic="False"/>
      <lineSpacing>0</lineSpacing>
      <selectedIndex>-1</selectedIndex>
    </control>
    <control controlID="337A2A76-3D78-4527-954A-44728ECDEC51" controlTypeID="Button" x="710" y="111" w="277" h="53" zOrder="23">
      <links eventType="AtClick" animate="AmNone" animateAutoDelay="0" animateDuration="500">
        <link targetPageID="3185620F-D34C-4873-A742-6AFB7695EF40" linkType="ltPageLink" isApplyIncludePage="False" title="%E4%BF%AE%E6%94%B9%E5%AF%86%E7%A0%81">
          <area shape="0" alt="" ID="{30EEDAB1-C79B-4A4E-AF97-DB2FC89092AB}" coords="(0,0,277,53)"/>
        </link>
      </links>
      <font family="%E5%BE%AE%E8%BD%AF%E9%9B%85%E9%BB%91" displayName="%E5%BE%AE%E8%BD%AF%E9%9B%85%E9%BB%91" postScript="" weightStyle="Regular" weight="400" isBold="False" isItalic="False"/>
      <text>change+password+</text>
      <textColor>4288256256</textColor>
      <textSize>24</textSize>
      <lineSpacing>0</lineSpacing>
      <useDefaultTextSize>False</useDefaultTextSize>
      <selectedIndex>-1</selectedIndex>
      <radius>4</radius>
    </control>
    <control controlID="3A049617-7579-4230-863C-3762EFE5385E" controlTypeID="Shape" x="980" y="3" w="110" h="50" zOrder="24">
      <caption>register</caption>
      <color>4294954086</color>
      <borderVisible>False</borderVisible>
      <links eventType="AtClick" animate="AmNone" animateAutoDelay="0" animateDuration="500">
        <link targetPageID="BD450164-CBE8-4224-891B-07962285382D" linkType="ltPageLink" isApplyIncludePage="False" title="%E6%B3%A8%E5%86%8C">
          <area shape="0" alt="" ID="{442713EF-C830-47A9-825C-B2CF530AC084}" coords="(0,0,110,50)"/>
        </link>
      </links>
      <font family="%E5%BE%AE%E8%BD%AF%E9%9B%85%E9%BB%91" displayName="%E5%BE%AE%E8%BD%AF%E9%9B%85%E9%BB%91" postScript="" weightStyle="Regular" weight="400" isBold="False" isItalic="False"/>
      <text>Register</text>
      <textSize>18</textSize>
      <useDefaultTextSize>False</useDefaultTextSize>
      <selectedIndex>-1</selectedIndex>
    </control>
    <control controlID="B18A383B-D1C2-41DA-8885-43A4C98E70EE" controlTypeID="Shape" x="868" y="3" w="110" h="50" zOrder="25">
      <caption>Login</caption>
      <color>4294954086</color>
      <borderVisible>False</borderVisible>
      <links eventType="AtClick" animate="AmNone" animateAutoDelay="0" animateDuration="500">
        <link targetPageID="1D6B670A-4FA1-4398-B534-00208812746B" linkType="ltPageLink" isApplyIncludePage="False" title="%E7%99%BB%E9%99%86">
          <area shape="0" alt="" ID="{DA96D440-AE2D-4227-9450-AD386913F88E}" coords="(0,0,110,50)"/>
        </link>
      </links>
      <font family="%E5%BE%AE%E8%BD%AF%E9%9B%85%E9%BB%91" displayName="%E5%BE%AE%E8%BD%AF%E9%9B%85%E9%BB%91" postScript="" weightStyle="Regular" weight="400" isBold="False" isItalic="False"/>
      <text>Login</text>
      <textSize>18</textSize>
      <useDefaultTextSize>False</useDefaultTextSize>
      <selectedIndex>-1</selectedIndex>
    </control>
    <control controlID="AF2254C2-9DB4-4D47-A2F5-0EDB8123D20A" controlTypeID="Button" x="432" y="923" w="330" h="57" zOrder="26">
      <links eventType="AtClick" animate="AmNone" animateAutoDelay="0" animateDuration="500">
        <link targetPageID="77835173-852F-44CE-A06E-EC26B3F6FFCE" linkType="ltPageLink" isApplyIncludePage="False" title="%E4%B8%AA%E4%BA%BA%E4%B8%AD%E5%BF%83">
          <area shape="0" alt="" ID="{82F86EB6-9685-4082-ACFA-56D971BA059E}" coords="(0,0,330,57)"/>
        </link>
      </links>
      <font family="%E5%BE%AE%E8%BD%AF%E9%9B%85%E9%BB%91" displayName="%E5%BE%AE%E8%BD%AF%E9%9B%85%E9%BB%91" postScript="" weightStyle="Regular" weight="400" isBold="False" isItalic="False"/>
      <text>submit</text>
      <textColor>4288256256</textColor>
      <textSize>24</textSize>
      <lineSpacing>0</lineSpacing>
      <useDefaultTextSize>False</useDefaultTextSize>
      <selectedIndex>-1</selectedIndex>
      <radius>4</radius>
    </control>
    <control controlID="31BD70F1-E5EA-47E7-9819-4C6AAD943799" controlTypeID="List" x="188" y="55" w="168" h="252" zOrder="27">
      <isShow>False</isShow>
      <color>4294954086</color>
      <borderVisible>False</borderVisible>
      <links eventType="AtClick" animate="AmNone" animateAutoDelay="0" animateDuration="500">
        <link targetPageID="EF538E16-EF42-4721-A8F7-09E90520BB10" linkType="ltPageLink" isApplyIncludePage="False" title="World">
          <area shape="0" alt="" ID="{F92D3D7D-DD6D-4DF8-9985-EB5AA538C568}" coords="(1,1,167,26)"/>
        </link>
        <link targetPageID="" linkType="ltPageLink" isApplyIncludePage="False" title="Asia">
          <area shape="0" alt="" ID="{425336C7-BBA1-4FE4-A82D-AB5D8CC21B50}" coords="(1,26,167,51)"/>
        </link>
        <link targetPageID="" linkType="ltPageLink" isApplyIncludePage="False" title="Business">
          <area shape="0" alt="" ID="{33001601-FD58-4E4F-9A10-0A638F1AD6AA}" coords="(1,51,167,76)"/>
        </link>
      </links>
      <font family="%E5%BE%AE%E8%BD%AF%E9%9B%85%E9%BB%91" displayName="%E5%BE%AE%E8%BD%AF%E9%9B%85%E9%BB%91" postScript="" weightStyle="Regular" weight="400" isBold="False" isItalic="False"/>
      <text>World%0D%0AAsia%0D%0ABusiness%0D%0A</text>
      <textSize>14</textSize>
      <textAlign>HaCenter</textAlign>
      <lineSpacing>0</lineSpacing>
    </control>
    <control controlID="2E01000F-8879-4A7F-B664-F55F52C2ECAC" controlTypeID="List" x="411" y="55" w="168" h="252" zOrder="28">
      <isShow>False</isShow>
      <color>4294954086</color>
      <borderVisible>False</borderVisible>
      <font family="%E5%BE%AE%E8%BD%AF%E9%9B%85%E9%BB%91" displayName="%E5%BE%AE%E8%BD%AF%E9%9B%85%E9%BB%91" postScript="" weightStyle="Regular" weight="400" isBold="False" isItalic="False"/>
      <text>Sounds%0D%0ATV%0D%0ARadio%0D%0A</text>
      <textSize>14</textSize>
      <textAlign>HaCenter</textAlign>
      <lineSpacing>0</lineSpacing>
    </control>
  </controls>
  <param>
    <backgroundColor>4294967295</backgroundColor>
    <fontSize>0</fontSize>
    <fontFamily/>
    <guideLines/>
  </param>
</mockup>