﻿<mockup version="5.3" minAllowVersion="5.3" ID="77835173-852F-44CE-A06E-EC26B3F6FFCE" platform="MtWeb" defaultW="1100" defaultH="6000" measureW="1100" measureH="2000" mobileScreenScale="0">
  <controls controlCount="62">
    <control controlID="56B15511-244F-4768-8730-26A871B4F539" controlTypeID="Shape" x="0" y="0" w="1100" h="54" zOrder="0">
      <color>4294954086</color>
      <borderColor>4292730333</borderColor>
      <font family="%E5%BE%AE%E8%BD%AF%E9%9B%85%E9%BB%91" displayName="%E5%BE%AE%E8%BD%AF%E9%9B%85%E9%BB%91" postScript="" weightStyle="Regular" weight="400" isBold="False" isItalic="False"/>
      <textSize>14</textSize>
      <selectedIndex>-1</selectedIndex>
    </control>
    <control controlID="9198E93F-644E-4181-B579-402D3A32DA79" controlTypeID="Shape" x="111" y="0" w="108" h="54" zOrder="1">
      <color>4294954086</color>
      <borderVisible>False</borderVisible>
      <links eventType="AtClick" animate="AmNone" animateAutoDelay="0" animateDuration="500">
        <link targetPageID="FFCF20B9-7DF9-499E-A761-1E43C158F017" linkType="ltPageLink" isApplyIncludePage="False" title="Home">
          <area shape="0" alt="" ID="{1CE272FA-8112-4232-90E0-BDBB8030293C}" coords="(0,0,108,54)"/>
        </link>
      </links>
      <font family="%E5%BE%AE%E8%BD%AF%E9%9B%85%E9%BB%91" displayName="%E5%BE%AE%E8%BD%AF%E9%9B%85%E9%BB%91" postScript="" weightStyle="Regular" weight="400" isBold="False" isItalic="False"/>
      <text>Home</text>
      <textSize>18</textSize>
      <useDefaultTextSize>False</useDefaultTextSize>
      <selectedIndex>-1</selectedIndex>
    </control>
    <control controlID="781CBC7B-2968-4139-A4EE-71EC3276F932" controlTypeID="Shape" x="219" y="0" w="108" h="54" zOrder="2">
      <color>4294954086</color>
      <borderVisible>False</borderVisible>
      <interactiveData>
        <entry title="">
          <area shape="0" alt="" ID="{AE17D9FE-ED17-4B1C-88C8-E1A0E3475152}" coords="(0,0,108,54)"/>
          <events title="">
            <event eventType="atClick" isChecked="True">
              <behaviour title="" isChecked="True" isWait="False" isLoop="False" execMode="emParallel">
                <target targetID="5ACB74D4-451F-4AD7-9E80-6145DEF432CF" isChecked="True" isAutoRecovery="False" isLoop="False" execMode="emSequence">
                  <command name="Change Visibility" isChecked="True" descrition="">
                    <param name="AniInterpolation" value="1" varType="3" description=""/>
                    <param name="AniDuration" value="200" varType="3" description=""/>
                    <param name="AniAutoReverse" value="False" varType="11" description=""/>
                    <param name="AniLoop" value="False" varType="11" description=""/>
                    <param name="AniInterpolationTypeOut" value="False" varType="11" description=""/>
                    <param name="Delay" value="0" varType="3" description=""/>
                    <param name="ValueFromCurrent" value="True" varType="11" description=""/>
                    <param name="ForceFromInitValue" value="False" varType="11" description=""/>
                    <param name="ForceSetVisible" value="False" varType="11" description=""/>
                    <param name="Value" value="2" varType="3" description=""/>
                    <param name="TerminateLoopByClick" value="True" varType="11" description=""/>
                  </command>
                </target>
              </behaviour>
            </event>
          </events>
        </entry>
      </interactiveData>
      <font family="%E5%BE%AE%E8%BD%AF%E9%9B%85%E9%BB%91" displayName="%E5%BE%AE%E8%BD%AF%E9%9B%85%E9%BB%91" postScript="" weightStyle="Regular" weight="400" isBold="False" isItalic="False"/>
      <text>News</text>
      <textSize>18</textSize>
      <useDefaultTextSize>False</useDefaultTextSize>
      <selectedIndex>-1</selectedIndex>
    </control>
    <control controlID="1F72E0FF-6573-4096-BC06-745861A96337" controlTypeID="Shape" x="327" y="0" w="108" h="54" zOrder="3">
      <color>4294954086</color>
      <borderVisible>False</borderVisible>
      <font family="%E5%BE%AE%E8%BD%AF%E9%9B%85%E9%BB%91" displayName="%E5%BE%AE%E8%BD%AF%E9%9B%85%E9%BB%91" postScript="" weightStyle="Regular" weight="400" isBold="False" isItalic="False"/>
      <text>Accessibility</text>
      <textSize>18</textSize>
      <useDefaultTextSize>False</useDefaultTextSize>
      <selectedIndex>-1</selectedIndex>
    </control>
    <control controlID="7DAE9A57-9F6A-46F3-BD7B-E605B1A184D9" controlTypeID="Shape" x="435" y="0" w="108" h="54" zOrder="4">
      <color>4294954086</color>
      <borderVisible>False</borderVisible>
      <interactiveData>
        <entry title="">
          <area shape="0" alt="" ID="{D886A38E-6B61-46DE-B8E5-646E43ACBCB5}" coords="(0,0,108,54)"/>
          <events title="">
            <event eventType="atClick" isChecked="True">
              <behaviour title="" isChecked="True" isWait="False" isLoop="False" execMode="emParallel">
                <target targetID="BC18232A-60DE-4464-B8E7-0C33D6ABFB15" isChecked="True" isAutoRecovery="False" isLoop="False" execMode="emSequence">
                  <command name="Change Visibility" isChecked="True" descrition="">
                    <param name="AniInterpolation" value="1" varType="3" description=""/>
                    <param name="AniDuration" value="200" varType="3" description=""/>
                    <param name="AniAutoReverse" value="False" varType="11" description=""/>
                    <param name="AniLoop" value="False" varType="11" description=""/>
                    <param name="AniInterpolationTypeOut" value="False" varType="11" description=""/>
                    <param name="Delay" value="0" varType="3" description=""/>
                    <param name="ValueFromCurrent" value="True" varType="11" description=""/>
                    <param name="ForceFromInitValue" value="False" varType="11" description=""/>
                    <param name="ForceSetVisible" value="False" varType="11" description=""/>
                    <param name="Value" value="2" varType="3" description=""/>
                    <param name="TerminateLoopByClick" value="True" varType="11" description=""/>
                  </command>
                </target>
              </behaviour>
            </event>
          </events>
        </entry>
      </interactiveData>
      <font family="%E5%BE%AE%E8%BD%AF%E9%9B%85%E9%BB%91" displayName="%E5%BE%AE%E8%BD%AF%E9%9B%85%E9%BB%91" postScript="" weightStyle="Regular" weight="400" isBold="False" isItalic="False"/>
      <text>More</text>
      <textSize>18</textSize>
      <useDefaultTextSize>False</useDefaultTextSize>
      <selectedIndex>-1</selectedIndex>
    </control>
    <control controlID="BDAA6886-90D5-4F32-8D02-AF64C5D71A11" controlTypeID="Search" x="563" y="10" w="228" h="35" zOrder="5">
      <font family="%E5%BE%AE%E8%BD%AF%E9%9B%85%E9%BB%91" displayName="%E5%BE%AE%E8%BD%AF%E9%9B%85%E9%BB%91" postScript="" weightStyle="Regular" weight="400" isBold="False" isItalic="False"/>
      <textSize>14</textSize>
      <textVAlign>VaTop</textVAlign>
      <lineSpacing>0</lineSpacing>
      <selectedIndex>-1</selectedIndex>
    </control>
    <control controlID="479D6B89-47F7-42E9-AD9E-9E713DAFB9B9" controlTypeID="AvatarEx2" x="806" y="5" w="45" h="45" zOrder="6">
      <borderColor>4294033970</borderColor>
      <icon>
        <ID/>
        <iconFontName>jdiconfontB</iconFontName>
        <iconCode>59652</iconCode>
      </icon>
      <URL>467605F5F90D9FF65132C1A6EF883F26.svg</URL>
    </control>
    <control controlID="DFFDB341-DA11-4A66-BE52-7F0BFF9ED3F7" controlTypeID="Image" x="65" y="112" w="132" h="130" zOrder="7">
      <clipShapeType>SbEllipse</clipShapeType>
      <URL>21A92E50B4A22F5E1B7564F9D1F15F53.JPG</URL>
    </control>
    <control controlID="C3164626-9C14-41A4-9ED7-E728748A5FEA" controlTypeID="Label" x="240" y="142" w="110" h="27" zOrder="8">
      <font family="%E5%BE%AE%E8%BD%AF%E9%9B%85%E9%BB%91" displayName="%E5%BE%AE%E8%BD%AF%E9%9B%85%E9%BB%91" postScript="" weightStyle="Regular" weight="400" isBold="False" isItalic="False"/>
      <text>USERNAME</text>
      <textColor>4294954035</textColor>
      <textSize>20</textSize>
      <lineSpacing>0</lineSpacing>
      <useDefaultTextSize>False</useDefaultTextSize>
      <selectedIndex>-1</selectedIndex>
    </control>
    <control controlID="CB402D83-4E25-4926-95D5-205A334A3B16" controlTypeID="Label" x="240" y="202" w="361" h="27" zOrder="9">
      <font family="%E5%BE%AE%E8%BD%AF%E9%9B%85%E9%BB%91" displayName="%E5%BE%AE%E8%BD%AF%E9%9B%85%E9%BB%91" postScript="" weightStyle="Regular" weight="400" isBold="False" isItalic="False"/>
      <text>%E4%B8%AA%E6%80%A7%E7%AD%BE%E5%90%8DAAAAAAAAAAAAAAAAAAAA</text>
      <textColor>4288269414</textColor>
      <textSize>20</textSize>
      <lineSpacing>0</lineSpacing>
      <useDefaultTextSize>False</useDefaultTextSize>
      <selectedIndex>-1</selectedIndex>
    </control>
    <control controlID="712A2B85-6641-490B-B819-84B59E9E5F82" controlTypeID="Image" x="380" y="136" w="38" h="40" zOrder="10">
      <URL>620E9BFE9225223FD2B1FA8B7AF87417.png</URL>
    </control>
    <control controlID="F364424C-8632-403C-9C2C-B47EA554C92F" controlTypeID="Shape" x="0" y="290" w="1100" h="56" zOrder="11">
      <font family="%E5%BE%AE%E8%BD%AF%E9%9B%85%E9%BB%91" displayName="%E5%BE%AE%E8%BD%AF%E9%9B%85%E9%BB%91" postScript="" weightStyle="Regular" weight="400" isBold="False" isItalic="False"/>
      <textSize>14</textSize>
      <selectedIndex>-1</selectedIndex>
    </control>
    <control controlID="149068F7-9CD1-4C10-8AA4-EE6374A4AE4D" controlTypeID="Label" x="38" y="299" w="128" h="37" zOrder="12">
      <font family="%E5%BE%AE%E8%BD%AF%E9%9B%85%E9%BB%91" displayName="%E5%BE%AE%E8%BD%AF%E9%9B%85%E9%BB%91" postScript="" weightStyle="Regular" weight="400" isBold="False" isItalic="False"/>
      <text>collection</text>
      <textColor>4288269363</textColor>
      <textSize>28</textSize>
      <lineSpacing>0</lineSpacing>
      <useDefaultTextSize>False</useDefaultTextSize>
      <selectedIndex>-1</selectedIndex>
    </control>
    <control controlID="916DE4D2-3C51-4E3D-AD06-4D76583DF569" controlTypeID="Image" x="23" y="356" w="250" h="175" zOrder="13">
      <URL>A5CB6A9ACE601ED1EBC7B94C561F9ECA.jpg</URL>
      <fitMode>fmFill</fitMode>
    </control>
    <control controlID="697F68EE-735A-4114-A564-002E8F689B6F" controlTypeID="Image" x="567" y="356" w="250" h="175" zOrder="14">
      <URL>5FA922233AF2793F67489B72BB83EACF.png</URL>
      <fitMode>fmFill</fitMode>
    </control>
    <control controlID="62AF8081-E746-447F-80C0-497CAAE4FC0C" controlTypeID="Image" x="835" y="356" w="250" h="175" zOrder="15">
      <URL>20870C1965FC72A619F15BCA300D0631.jpg</URL>
      <fitMode>fmFill</fitMode>
    </control>
    <control controlID="ACA2A0A0-AB69-4978-B120-9813A517AF38" controlTypeID="Image" x="292" y="356" w="250" h="175" zOrder="16">
      <URL>DBE4A8A7E05CA9AC0AB170C47740124B.jpg</URL>
      <fitMode>fmFill</fitMode>
    </control>
    <control controlID="6523D2E9-049B-4E7F-B42F-38D4FE75D5A5" controlTypeID="Shape" x="567" y="533" w="250" h="93" zOrder="17">
      <borderVisible>False</borderVisible>
      <font family="%E5%BE%AE%E8%BD%AF%E9%9B%85%E9%BB%91" displayName="%E5%BE%AE%E8%BD%AF%E9%9B%85%E9%BB%91" postScript="" weightStyle="Regular" weight="400" isBold="False" isItalic="False"/>
      <text>%E3%80%90%E8%B5%9B%E5%90%8E%E3%80%91%E5%A4%A9%E6%B4%A5101-112%E5%8C%97%E4%BA%AC%EF%BD%9C%E6%97%B6%E5%BE%B7%E5%B8%8532%2B8%EF%BC%8C%E7%BD%97%E5%88%87%E6%96%AF%E7%89%B929%2B13%EF%BC%9B%E6%B1%89%E5%AF%86%E5%B0%94%E9%A1%BF33%2B10%EF%BC%8C%E6%9D%B0%E5%85%8B%E9%80%8A19%2B7%2B10</text>
      <textSize>16</textSize>
      <useDefaultTextSize>False</useDefaultTextSize>
      <selectedIndex>-1</selectedIndex>
    </control>
    <control controlID="8A9CCEAC-C3D7-467C-A9BB-DD8F99C83C5C" controlTypeID="Shape" x="23" y="531" w="250" h="93" zOrder="18">
      <borderVisible>False</borderVisible>
      <font family="%E5%BE%AE%E8%BD%AF%E9%9B%85%E9%BB%91" displayName="%E5%BE%AE%E8%BD%AF%E9%9B%85%E9%BB%91" postScript="" weightStyle="Regular" weight="400" isBold="False" isItalic="False"/>
      <text>This+is+my+house!++Flash+Back.+%0D%0A5%E5%88%86%E9%92%9F%E9%87%8D%E7%8E%B0%E5%B7%85%E5%B3%B0%E9%97%AA%E7%94%B5%E4%BE%A0%E3%80%82</text>
      <textSize>16</textSize>
      <useDefaultTextSize>False</useDefaultTextSize>
      <selectedIndex>-1</selectedIndex>
    </control>
    <control controlID="50E902DF-C489-4B4A-B810-67BD5FA0163C" controlTypeID="Shape" x="838" y="533" w="252" h="85" zOrder="19">
      <borderVisible>False</borderVisible>
      <font family="%E5%BE%AE%E8%BD%AF%E9%9B%85%E9%BB%91" displayName="%E5%BE%AE%E8%BD%AF%E9%9B%85%E9%BB%91" postScript="" weightStyle="Regular" weight="400" isBold="False" isItalic="False"/>
      <text>%E4%B8%BA%E5%9B%BD%E4%BA%89%E5%85%89%EF%BC%8C%E4%B8%8D%E8%BE%B1%E4%BD%BF%E5%91%BD%E3%80%82%0D%0A2019%E4%B8%96%E7%95%8C%E6%9D%AF%E6%88%91%E4%BB%AC%E6%9D%A5%E4%BA%86</text>
      <textSize>16</textSize>
      <useDefaultTextSize>False</useDefaultTextSize>
      <selectedIndex>-1</selectedIndex>
    </control>
    <control controlID="1359D55F-B3A0-42CF-8459-BECEC87DB680" controlTypeID="Shape" x="295" y="533" w="243" h="93" zOrder="20">
      <borderVisible>False</borderVisible>
      <font family="%E5%BE%AE%E8%BD%AF%E9%9B%85%E9%BB%91" displayName="%E5%BE%AE%E8%BD%AF%E9%9B%85%E9%BB%91" postScript="" weightStyle="Regular" weight="400" isBold="False" isItalic="False"/>
      <text>%E3%80%90%E8%B5%9B%E5%90%8E%E3%80%91%E5%B9%BF%E5%8E%A695-100%E8%BE%BD%E5%AE%81%E4%B8%A8%E7%A6%8F%E7%89%B9%E6%A3%AE16%2B6%2B9%EF%BC%8C%E8%83%A1%E9%87%91%E7%A7%8B17%2B6%EF%BC%9B%E9%83%AD%E8%89%BE%E4%BC%A632%2B5%2B5%EF%BC%8C%E5%B7%B4%E6%96%AF23%2B10+</text>
      <textSize>16</textSize>
      <useDefaultTextSize>False</useDefaultTextSize>
      <selectedIndex>-1</selectedIndex>
    </control>
    <control controlID="E81EED52-1F22-4DA9-9FCA-8B2305A6BD7D" controlTypeID="Button" x="642" y="134" w="364" h="52" zOrder="21">
      <links eventType="AtClick" animate="AmNone" animateAutoDelay="0" animateDuration="500">
        <link targetPageID="65C6F0A5-3FE9-49B9-A066-1EE60B946220" linkType="ltPageLink" isApplyIncludePage="False" title="%E7%BC%96%E8%BE%91%E4%B8%AA%E4%BA%BA%E4%BF%A1%E6%81%AF">
          <area shape="0" alt="" ID="{3D09F1A0-6676-441C-9270-B88A0BE13F78}" coords="(0,0,364,52)"/>
        </link>
      </links>
      <font family="%E5%BE%AE%E8%BD%AF%E9%9B%85%E9%BB%91" displayName="%E5%BE%AE%E8%BD%AF%E9%9B%85%E9%BB%91" postScript="" weightStyle="Regular" weight="400" isBold="False" isItalic="False"/>
      <text>Edit+personal+information</text>
      <textColor>4288256256</textColor>
      <textSize>24</textSize>
      <lineSpacing>0</lineSpacing>
      <useDefaultTextSize>False</useDefaultTextSize>
      <selectedIndex>-1</selectedIndex>
      <radius>4</radius>
    </control>
    <control controlID="350A0145-2675-49DA-83F8-4EDA5C79CB8C" controlTypeID="Shape" x="0" y="698" w="1100" h="56" zOrder="22">
      <font family="%E5%BE%AE%E8%BD%AF%E9%9B%85%E9%BB%91" displayName="%E5%BE%AE%E8%BD%AF%E9%9B%85%E9%BB%91" postScript="" weightStyle="Regular" weight="400" isBold="False" isItalic="False"/>
      <textSize>14</textSize>
      <selectedIndex>-1</selectedIndex>
    </control>
    <control controlID="9FF13D3C-FCFE-4F01-A380-467088A2C979" controlTypeID="Label" x="50" y="708" w="91" h="37" zOrder="23">
      <font family="%E5%BE%AE%E8%BD%AF%E9%9B%85%E9%BB%91" displayName="%E5%BE%AE%E8%BD%AF%E9%9B%85%E9%BB%91" postScript="" weightStyle="Regular" weight="400" isBold="False" isItalic="False"/>
      <text>history</text>
      <textColor>4288269363</textColor>
      <textSize>28</textSize>
      <lineSpacing>0</lineSpacing>
      <useDefaultTextSize>False</useDefaultTextSize>
      <selectedIndex>-1</selectedIndex>
    </control>
    <control controlID="6B92CDCF-683E-462B-A1A6-990038999F41" controlTypeID="Image" x="23" y="764" w="250" h="175" zOrder="24">
      <URL>A5CB6A9ACE601ED1EBC7B94C561F9ECA.jpg</URL>
      <fitMode>fmFill</fitMode>
    </control>
    <control controlID="B3493F1E-DB90-4F69-9C67-E5F465F55AAB" controlTypeID="Image" x="567" y="764" w="250" h="175" zOrder="25">
      <URL>5FA922233AF2793F67489B72BB83EACF.png</URL>
      <fitMode>fmFill</fitMode>
    </control>
    <control controlID="A07ABE06-D72D-4B0E-AD47-29ECB1021E90" controlTypeID="Image" x="835" y="764" w="250" h="175" zOrder="26">
      <URL>20870C1965FC72A619F15BCA300D0631.jpg</URL>
      <fitMode>fmFill</fitMode>
    </control>
    <control controlID="50408833-0BDB-4AC1-8FCB-19C0CE4DA806" controlTypeID="Image" x="292" y="764" w="250" h="175" zOrder="27">
      <URL>DBE4A8A7E05CA9AC0AB170C47740124B.jpg</URL>
      <fitMode>fmFill</fitMode>
    </control>
    <control controlID="3ED8E151-4F5A-4E84-A86F-274015097189" controlTypeID="Shape" x="567" y="941" w="250" h="93" zOrder="28">
      <borderVisible>False</borderVisible>
      <font family="%E5%BE%AE%E8%BD%AF%E9%9B%85%E9%BB%91" displayName="%E5%BE%AE%E8%BD%AF%E9%9B%85%E9%BB%91" postScript="" weightStyle="Regular" weight="400" isBold="False" isItalic="False"/>
      <text>%E3%80%90%E8%B5%9B%E5%90%8E%E3%80%91%E5%A4%A9%E6%B4%A5101-112%E5%8C%97%E4%BA%AC%EF%BD%9C%E6%97%B6%E5%BE%B7%E5%B8%8532%2B8%EF%BC%8C%E7%BD%97%E5%88%87%E6%96%AF%E7%89%B929%2B13%EF%BC%9B%E6%B1%89%E5%AF%86%E5%B0%94%E9%A1%BF33%2B10%EF%BC%8C%E6%9D%B0%E5%85%8B%E9%80%8A19%2B7%2B10</text>
      <textSize>16</textSize>
      <useDefaultTextSize>False</useDefaultTextSize>
      <selectedIndex>-1</selectedIndex>
    </control>
    <control controlID="D07BC93B-E524-4C73-851F-2C3168F5A7C3" controlTypeID="Shape" x="23" y="939" w="250" h="93" zOrder="29">
      <borderVisible>False</borderVisible>
      <font family="%E5%BE%AE%E8%BD%AF%E9%9B%85%E9%BB%91" displayName="%E5%BE%AE%E8%BD%AF%E9%9B%85%E9%BB%91" postScript="" weightStyle="Regular" weight="400" isBold="False" isItalic="False"/>
      <text>This+is+my+house!++Flash+Back.+%0D%0A5%E5%88%86%E9%92%9F%E9%87%8D%E7%8E%B0%E5%B7%85%E5%B3%B0%E9%97%AA%E7%94%B5%E4%BE%A0%E3%80%82</text>
      <textSize>16</textSize>
      <useDefaultTextSize>False</useDefaultTextSize>
      <selectedIndex>-1</selectedIndex>
    </control>
    <control controlID="8FECAC5F-EC3A-405F-94A1-F4E867C9E80D" controlTypeID="Shape" x="838" y="941" w="252" h="85" zOrder="30">
      <borderVisible>False</borderVisible>
      <font family="%E5%BE%AE%E8%BD%AF%E9%9B%85%E9%BB%91" displayName="%E5%BE%AE%E8%BD%AF%E9%9B%85%E9%BB%91" postScript="" weightStyle="Regular" weight="400" isBold="False" isItalic="False"/>
      <text>%E4%B8%BA%E5%9B%BD%E4%BA%89%E5%85%89%EF%BC%8C%E4%B8%8D%E8%BE%B1%E4%BD%BF%E5%91%BD%E3%80%82%0D%0A2019%E4%B8%96%E7%95%8C%E6%9D%AF%E6%88%91%E4%BB%AC%E6%9D%A5%E4%BA%86</text>
      <textSize>16</textSize>
      <useDefaultTextSize>False</useDefaultTextSize>
      <selectedIndex>-1</selectedIndex>
    </control>
    <control controlID="45BB49D2-0978-4F12-97F6-03533495B5F2" controlTypeID="Shape" x="295" y="941" w="243" h="93" zOrder="31">
      <borderVisible>False</borderVisible>
      <font family="%E5%BE%AE%E8%BD%AF%E9%9B%85%E9%BB%91" displayName="%E5%BE%AE%E8%BD%AF%E9%9B%85%E9%BB%91" postScript="" weightStyle="Regular" weight="400" isBold="False" isItalic="False"/>
      <text>%E3%80%90%E8%B5%9B%E5%90%8E%E3%80%91%E5%B9%BF%E5%8E%A695-100%E8%BE%BD%E5%AE%81%E4%B8%A8%E7%A6%8F%E7%89%B9%E6%A3%AE16%2B6%2B9%EF%BC%8C%E8%83%A1%E9%87%91%E7%A7%8B17%2B6%EF%BC%9B%E9%83%AD%E8%89%BE%E4%BC%A632%2B5%2B5%EF%BC%8C%E5%B7%B4%E6%96%AF23%2B10+</text>
      <textSize>16</textSize>
      <useDefaultTextSize>False</useDefaultTextSize>
      <selectedIndex>-1</selectedIndex>
    </control>
    <control controlID="06DA3800-7C02-45B4-970D-D5B34A352D13" controlTypeID="Shape" x="0" y="1100" w="1100" h="56" zOrder="32">
      <font family="%E5%BE%AE%E8%BD%AF%E9%9B%85%E9%BB%91" displayName="%E5%BE%AE%E8%BD%AF%E9%9B%85%E9%BB%91" postScript="" weightStyle="Regular" weight="400" isBold="False" isItalic="False"/>
      <textSize>14</textSize>
      <selectedIndex>-1</selectedIndex>
    </control>
    <control controlID="47A9145F-3391-48FB-B1C8-E9B2F9860997" controlTypeID="Label" x="50" y="1110" w="62" h="37" zOrder="33">
      <font family="%E5%BE%AE%E8%BD%AF%E9%9B%85%E9%BB%91" displayName="%E5%BE%AE%E8%BD%AF%E9%9B%85%E9%BB%91" postScript="" weightStyle="Regular" weight="400" isBold="False" isItalic="False"/>
      <text>label</text>
      <textColor>4288269363</textColor>
      <textSize>28</textSize>
      <lineSpacing>0</lineSpacing>
      <useDefaultTextSize>False</useDefaultTextSize>
      <selectedIndex>-1</selectedIndex>
    </control>
    <control controlID="AF4C2B5E-D729-4EE6-8A7A-C6F355DC019C" controlTypeID="Image" x="50" y="1194" w="84" h="80" zOrder="34">
      <URL>87CC0316963BE0B0CE0BCAD15273B3B0.png</URL>
    </control>
    <control controlID="72E06710-03FE-47D0-8632-8E56D40DC447" controlTypeID="Label" x="144" y="1216" w="76" h="37" zOrder="35">
      <font family="%E5%BE%AE%E8%BD%AF%E9%9B%85%E9%BB%91" displayName="%E5%BE%AE%E8%BD%AF%E9%9B%85%E9%BB%91" postScript="" weightStyle="Regular" weight="400" isBold="False" isItalic="False"/>
      <text>traffic</text>
      <textColor>4288256256</textColor>
      <textSize>28</textSize>
      <lineSpacing>0</lineSpacing>
      <useDefaultTextSize>False</useDefaultTextSize>
      <selectedIndex>-1</selectedIndex>
    </control>
    <control controlID="A223D963-8408-4F0F-AB64-63ABE9854F0B" controlTypeID="Image" x="314" y="1194" w="84" h="80" zOrder="36">
      <URL>87CC0316963BE0B0CE0BCAD15273B3B0.png</URL>
    </control>
    <control controlID="AC4CF9CD-5E7E-4E04-B23D-13D04BAE66D9" controlTypeID="Label" x="408" y="1216" w="81" h="37" zOrder="37">
      <font family="%E5%BE%AE%E8%BD%AF%E9%9B%85%E9%BB%91" displayName="%E5%BE%AE%E8%BD%AF%E9%9B%85%E9%BB%91" postScript="" weightStyle="Regular" weight="400" isBold="False" isItalic="False"/>
      <text>family</text>
      <textColor>4288256256</textColor>
      <textSize>28</textSize>
      <lineSpacing>0</lineSpacing>
      <useDefaultTextSize>False</useDefaultTextSize>
      <selectedIndex>-1</selectedIndex>
    </control>
    <control controlID="D24B9DA7-AC2A-4950-88EF-6C7C123D521A" controlTypeID="Image" x="596" y="1194" w="84" h="80" zOrder="38">
      <URL>87CC0316963BE0B0CE0BCAD15273B3B0.png</URL>
    </control>
    <control controlID="63F0BF8A-45DA-4413-BB24-F30E86EBBB04" controlTypeID="Label" x="690" y="1216" w="43" h="37" zOrder="39">
      <font family="%E5%BE%AE%E8%BD%AF%E9%9B%85%E9%BB%91" displayName="%E5%BE%AE%E8%BD%AF%E9%9B%85%E9%BB%91" postScript="" weightStyle="Regular" weight="400" isBold="False" isItalic="False"/>
      <text>pet</text>
      <textColor>4288256256</textColor>
      <textSize>28</textSize>
      <lineSpacing>0</lineSpacing>
      <useDefaultTextSize>False</useDefaultTextSize>
      <selectedIndex>-1</selectedIndex>
    </control>
    <control controlID="8E20B25B-DD69-407C-8792-69A87C67E194" controlTypeID="Image" x="838" y="1194" w="84" h="80" zOrder="40">
      <URL>87CC0316963BE0B0CE0BCAD15273B3B0.png</URL>
    </control>
    <control controlID="278998BE-2749-4602-9A45-494741E11654" controlTypeID="Label" x="932" y="1216" w="101" h="37" zOrder="41">
      <font family="%E5%BE%AE%E8%BD%AF%E9%9B%85%E9%BB%91" displayName="%E5%BE%AE%E8%BD%AF%E9%9B%85%E9%BB%91" postScript="" weightStyle="Regular" weight="400" isBold="False" isItalic="False"/>
      <text>cartoon</text>
      <textColor>4288256256</textColor>
      <textSize>28</textSize>
      <lineSpacing>0</lineSpacing>
      <useDefaultTextSize>False</useDefaultTextSize>
      <selectedIndex>-1</selectedIndex>
    </control>
    <control controlID="509452F4-0B3F-4205-ADC9-E902F3E02993" controlTypeID="Image" x="50" y="1302" w="84" h="80" zOrder="42">
      <URL>87CC0316963BE0B0CE0BCAD15273B3B0.png</URL>
    </control>
    <control controlID="BB578408-ECD6-4B71-9463-95AF643371CB" controlTypeID="Label" x="144" y="1324" w="82" h="37" zOrder="43">
      <font family="%E5%BE%AE%E8%BD%AF%E9%9B%85%E9%BB%91" displayName="%E5%BE%AE%E8%BD%AF%E9%9B%85%E9%BB%91" postScript="" weightStyle="Regular" weight="400" isBold="False" isItalic="False"/>
      <text>sports</text>
      <textColor>4288256256</textColor>
      <textSize>28</textSize>
      <lineSpacing>0</lineSpacing>
      <useDefaultTextSize>False</useDefaultTextSize>
      <selectedIndex>-1</selectedIndex>
    </control>
    <control controlID="0E62C706-0646-4FC6-A205-C88799F41AB8" controlTypeID="Shape" x="0" y="1478" w="1100" h="56" zOrder="44">
      <font family="%E5%BE%AE%E8%BD%AF%E9%9B%85%E9%BB%91" displayName="%E5%BE%AE%E8%BD%AF%E9%9B%85%E9%BB%91" postScript="" weightStyle="Regular" weight="400" isBold="False" isItalic="False"/>
      <textSize>14</textSize>
      <selectedIndex>-1</selectedIndex>
    </control>
    <control controlID="2266B9F7-2BAB-4F07-80F6-BD2B5D377394" controlTypeID="Label" x="50" y="1488" w="165" h="37" zOrder="45">
      <font family="%E5%BE%AE%E8%BD%AF%E9%9B%85%E9%BB%91" displayName="%E5%BE%AE%E8%BD%AF%E9%9B%85%E9%BB%91" postScript="" weightStyle="Regular" weight="400" isBold="False" isItalic="False"/>
      <text>Subscription</text>
      <textColor>4288269363</textColor>
      <textSize>28</textSize>
      <lineSpacing>0</lineSpacing>
      <useDefaultTextSize>False</useDefaultTextSize>
      <selectedIndex>-1</selectedIndex>
    </control>
    <control controlID="635DA442-4334-439F-9A98-F7A6248B78D5" controlTypeID="Image" x="23" y="1558" w="250" h="175" zOrder="46">
      <URL>A5CB6A9ACE601ED1EBC7B94C561F9ECA.jpg</URL>
      <fitMode>fmFill</fitMode>
    </control>
    <control controlID="837D97BE-180A-4F39-9DBA-F95832B1C551" controlTypeID="Image" x="567" y="1558" w="250" h="175" zOrder="47">
      <URL>5FA922233AF2793F67489B72BB83EACF.png</URL>
      <fitMode>fmFill</fitMode>
    </control>
    <control controlID="9D9BDA6A-26AF-455A-9B8B-EAF576C7B114" controlTypeID="Image" x="835" y="1558" w="250" h="175" zOrder="48">
      <URL>20870C1965FC72A619F15BCA300D0631.jpg</URL>
      <fitMode>fmFill</fitMode>
    </control>
    <control controlID="8CBB1B9C-EF32-41CD-958A-812166144C85" controlTypeID="Image" x="292" y="1558" w="250" h="175" zOrder="49">
      <URL>DBE4A8A7E05CA9AC0AB170C47740124B.jpg</URL>
      <fitMode>fmFill</fitMode>
    </control>
    <control controlID="B7A98160-98BD-48E5-818B-F7BFBB4CA50C" controlTypeID="Shape" x="567" y="1735" w="250" h="93" zOrder="50">
      <borderVisible>False</borderVisible>
      <font family="%E5%BE%AE%E8%BD%AF%E9%9B%85%E9%BB%91" displayName="%E5%BE%AE%E8%BD%AF%E9%9B%85%E9%BB%91" postScript="" weightStyle="Regular" weight="400" isBold="False" isItalic="False"/>
      <text>%E3%80%90%E8%B5%9B%E5%90%8E%E3%80%91%E5%A4%A9%E6%B4%A5101-112%E5%8C%97%E4%BA%AC%EF%BD%9C%E6%97%B6%E5%BE%B7%E5%B8%8532%2B8%EF%BC%8C%E7%BD%97%E5%88%87%E6%96%AF%E7%89%B929%2B13%EF%BC%9B%E6%B1%89%E5%AF%86%E5%B0%94%E9%A1%BF33%2B10%EF%BC%8C%E6%9D%B0%E5%85%8B%E9%80%8A19%2B7%2B10</text>
      <textSize>16</textSize>
      <useDefaultTextSize>False</useDefaultTextSize>
      <selectedIndex>-1</selectedIndex>
    </control>
    <control controlID="EA984D9D-FDF8-4615-B79E-580EA2C52AE7" controlTypeID="Shape" x="23" y="1733" w="250" h="93" zOrder="51">
      <borderVisible>False</borderVisible>
      <font family="%E5%BE%AE%E8%BD%AF%E9%9B%85%E9%BB%91" displayName="%E5%BE%AE%E8%BD%AF%E9%9B%85%E9%BB%91" postScript="" weightStyle="Regular" weight="400" isBold="False" isItalic="False"/>
      <text>This+is+my+house!++Flash+Back.+%0D%0A5%E5%88%86%E9%92%9F%E9%87%8D%E7%8E%B0%E5%B7%85%E5%B3%B0%E9%97%AA%E7%94%B5%E4%BE%A0%E3%80%82</text>
      <textSize>16</textSize>
      <useDefaultTextSize>False</useDefaultTextSize>
      <selectedIndex>-1</selectedIndex>
    </control>
    <control controlID="93BEC401-2456-4BAC-AB79-D598C619D618" controlTypeID="Shape" x="838" y="1735" w="252" h="85" zOrder="52">
      <borderVisible>False</borderVisible>
      <font family="%E5%BE%AE%E8%BD%AF%E9%9B%85%E9%BB%91" displayName="%E5%BE%AE%E8%BD%AF%E9%9B%85%E9%BB%91" postScript="" weightStyle="Regular" weight="400" isBold="False" isItalic="False"/>
      <text>%E4%B8%BA%E5%9B%BD%E4%BA%89%E5%85%89%EF%BC%8C%E4%B8%8D%E8%BE%B1%E4%BD%BF%E5%91%BD%E3%80%82%0D%0A2019%E4%B8%96%E7%95%8C%E6%9D%AF%E6%88%91%E4%BB%AC%E6%9D%A5%E4%BA%86</text>
      <textSize>16</textSize>
      <useDefaultTextSize>False</useDefaultTextSize>
      <selectedIndex>-1</selectedIndex>
    </control>
    <control controlID="767BD6A7-58FF-43FB-9403-D24DEDE4250E" controlTypeID="Shape" x="295" y="1735" w="243" h="93" zOrder="53">
      <borderVisible>False</borderVisible>
      <font family="%E5%BE%AE%E8%BD%AF%E9%9B%85%E9%BB%91" displayName="%E5%BE%AE%E8%BD%AF%E9%9B%85%E9%BB%91" postScript="" weightStyle="Regular" weight="400" isBold="False" isItalic="False"/>
      <text>%E3%80%90%E8%B5%9B%E5%90%8E%E3%80%91%E5%B9%BF%E5%8E%A695-100%E8%BE%BD%E5%AE%81%E4%B8%A8%E7%A6%8F%E7%89%B9%E6%A3%AE16%2B6%2B9%EF%BC%8C%E8%83%A1%E9%87%91%E7%A7%8B17%2B6%EF%BC%9B%E9%83%AD%E8%89%BE%E4%BC%A632%2B5%2B5%EF%BC%8C%E5%B7%B4%E6%96%AF23%2B10+</text>
      <textSize>16</textSize>
      <useDefaultTextSize>False</useDefaultTextSize>
      <selectedIndex>-1</selectedIndex>
    </control>
    <control controlID="5CA7753D-15AD-4C60-80AE-5EC796BC01DD" controlTypeID="Button" x="958" y="290" w="142" h="56" zOrder="54">
      <links eventType="AtClick" animate="AmNone" animateAutoDelay="0" animateDuration="500">
        <link targetPageID="8463E8FA-DEF2-452F-A25F-056778B457C2" linkType="ltPageLink" isApplyIncludePage="False" title="%E6%94%B6%E8%97%8F">
          <area shape="0" alt="" ID="{DAE278D6-BF47-4D23-86F1-6652CD95B912}" coords="(0,0,142,56)"/>
        </link>
      </links>
      <font family="%E5%BE%AE%E8%BD%AF%E9%9B%85%E9%BB%91" displayName="%E5%BE%AE%E8%BD%AF%E9%9B%85%E9%BB%91" postScript="" weightStyle="Regular" weight="400" isBold="False" isItalic="False"/>
      <text>more%3E%3E%3E</text>
      <textColor>4288217139</textColor>
      <textSize>24</textSize>
      <lineSpacing>0</lineSpacing>
      <useDefaultTextSize>False</useDefaultTextSize>
      <selectedIndex>-1</selectedIndex>
      <radius>4</radius>
    </control>
    <control controlID="C3401B5C-6357-44AB-A949-DEE5018B08CE" controlTypeID="Button" x="958" y="698" w="142" h="56" zOrder="55">
      <links eventType="AtClick" animate="AmNone" animateAutoDelay="0" animateDuration="500">
        <link targetPageID="6B5CF7FD-FE8C-4CD5-8BA0-DFA7B2ECF1F0" linkType="ltPageLink" isApplyIncludePage="False" title="%E5%8E%86%E5%8F%B2">
          <area shape="0" alt="" ID="{FF3D39BB-1386-44B7-BBE5-22E242B33E02}" coords="(0,0,142,56)"/>
        </link>
      </links>
      <font family="%E5%BE%AE%E8%BD%AF%E9%9B%85%E9%BB%91" displayName="%E5%BE%AE%E8%BD%AF%E9%9B%85%E9%BB%91" postScript="" weightStyle="Regular" weight="400" isBold="False" isItalic="False"/>
      <text>more%3E%3E%3E</text>
      <textColor>4288217139</textColor>
      <textSize>24</textSize>
      <lineSpacing>0</lineSpacing>
      <useDefaultTextSize>False</useDefaultTextSize>
      <selectedIndex>-1</selectedIndex>
      <radius>4</radius>
    </control>
    <control controlID="CC3CB143-7331-4C12-B0AE-B55B448E977B" controlTypeID="Button" x="958" y="1100" w="142" h="56" zOrder="56">
      <links eventType="AtClick" animate="AmNone" animateAutoDelay="0" animateDuration="500">
        <link targetPageID="508AF5C8-009B-465D-991B-C62AF441F505" linkType="ltPageLink" isApplyIncludePage="False" title="%E6%A0%87%E7%AD%BE">
          <area shape="0" alt="" ID="{899F88CE-3244-41B3-B3C7-A2AAF5EB918E}" coords="(0,0,142,56)"/>
        </link>
      </links>
      <font family="%E5%BE%AE%E8%BD%AF%E9%9B%85%E9%BB%91" displayName="%E5%BE%AE%E8%BD%AF%E9%9B%85%E9%BB%91" postScript="" weightStyle="Regular" weight="400" isBold="False" isItalic="False"/>
      <text>more%3E%3E%3E</text>
      <textColor>4288217139</textColor>
      <textSize>24</textSize>
      <lineSpacing>0</lineSpacing>
      <useDefaultTextSize>False</useDefaultTextSize>
      <selectedIndex>-1</selectedIndex>
      <radius>4</radius>
    </control>
    <control controlID="ACC30E83-4043-4E08-9A43-14AE33553873" controlTypeID="Button" x="958" y="1478" w="142" h="56" zOrder="57">
      <links eventType="AtClick" animate="AmNone" animateAutoDelay="0" animateDuration="500">
        <link targetPageID="02213385-78DF-435E-8A5C-5F4F7E3E31F7" linkType="ltPageLink" isApplyIncludePage="False" title="%E8%AE%A2%E9%98%85">
          <area shape="0" alt="" ID="{116805B7-B2E1-4E02-885E-9992BCB2EAFA}" coords="(0,0,142,56)"/>
        </link>
      </links>
      <font family="%E5%BE%AE%E8%BD%AF%E9%9B%85%E9%BB%91" displayName="%E5%BE%AE%E8%BD%AF%E9%9B%85%E9%BB%91" postScript="" weightStyle="Regular" weight="400" isBold="False" isItalic="False"/>
      <text>more%3E%3E%3E</text>
      <textColor>4288217139</textColor>
      <textSize>24</textSize>
      <lineSpacing>0</lineSpacing>
      <useDefaultTextSize>False</useDefaultTextSize>
      <selectedIndex>-1</selectedIndex>
      <radius>4</radius>
    </control>
    <control controlID="62137DB8-D6EF-4C5C-B06D-93D03A03FF7E" controlTypeID="Shape" x="980" y="3" w="110" h="50" zOrder="58">
      <caption>register</caption>
      <color>4294954086</color>
      <borderVisible>False</borderVisible>
      <links eventType="AtClick" animate="AmNone" animateAutoDelay="0" animateDuration="500">
        <link targetPageID="BD450164-CBE8-4224-891B-07962285382D" linkType="ltPageLink" isApplyIncludePage="False" title="%E6%B3%A8%E5%86%8C">
          <area shape="0" alt="" ID="{95DF879A-F04B-400D-B408-99D3D0EFAA7A}" coords="(0,0,110,50)"/>
        </link>
      </links>
      <font family="%E5%BE%AE%E8%BD%AF%E9%9B%85%E9%BB%91" displayName="%E5%BE%AE%E8%BD%AF%E9%9B%85%E9%BB%91" postScript="" weightStyle="Regular" weight="400" isBold="False" isItalic="False"/>
      <text>Register</text>
      <textSize>18</textSize>
      <useDefaultTextSize>False</useDefaultTextSize>
      <selectedIndex>-1</selectedIndex>
    </control>
    <control controlID="5FA47773-7E46-4865-9558-3FC10167C0E3" controlTypeID="Shape" x="868" y="3" w="110" h="50" zOrder="59">
      <caption>Login</caption>
      <color>4294954086</color>
      <borderVisible>False</borderVisible>
      <links eventType="AtClick" animate="AmNone" animateAutoDelay="0" animateDuration="500">
        <link targetPageID="1D6B670A-4FA1-4398-B534-00208812746B" linkType="ltPageLink" isApplyIncludePage="False" title="%E7%99%BB%E9%99%86">
          <area shape="0" alt="" ID="{F6C4885D-96AD-48BF-8DDA-2A7F2BA03B1B}" coords="(0,0,110,50)"/>
        </link>
      </links>
      <font family="%E5%BE%AE%E8%BD%AF%E9%9B%85%E9%BB%91" displayName="%E5%BE%AE%E8%BD%AF%E9%9B%85%E9%BB%91" postScript="" weightStyle="Regular" weight="400" isBold="False" isItalic="False"/>
      <text>Login</text>
      <textSize>18</textSize>
      <useDefaultTextSize>False</useDefaultTextSize>
      <selectedIndex>-1</selectedIndex>
    </control>
    <control controlID="5ACB74D4-451F-4AD7-9E80-6145DEF432CF" controlTypeID="List" x="185" y="51" w="168" h="252" zOrder="60">
      <isShow>False</isShow>
      <color>4294954086</color>
      <borderVisible>False</borderVisible>
      <links eventType="AtClick" animate="AmNone" animateAutoDelay="0" animateDuration="500">
        <link targetPageID="EF538E16-EF42-4721-A8F7-09E90520BB10" linkType="ltPageLink" isApplyIncludePage="False" title="World">
          <area shape="0" alt="" ID="{F92D3D7D-DD6D-4DF8-9985-EB5AA538C568}" coords="(1,1,167,26)"/>
        </link>
        <link targetPageID="" linkType="ltPageLink" isApplyIncludePage="False" title="Asia">
          <area shape="0" alt="" ID="{425336C7-BBA1-4FE4-A82D-AB5D8CC21B50}" coords="(1,26,167,51)"/>
        </link>
        <link targetPageID="" linkType="ltPageLink" isApplyIncludePage="False" title="Business">
          <area shape="0" alt="" ID="{33001601-FD58-4E4F-9A10-0A638F1AD6AA}" coords="(1,51,167,76)"/>
        </link>
      </links>
      <font family="%E5%BE%AE%E8%BD%AF%E9%9B%85%E9%BB%91" displayName="%E5%BE%AE%E8%BD%AF%E9%9B%85%E9%BB%91" postScript="" weightStyle="Regular" weight="400" isBold="False" isItalic="False"/>
      <text>World%0D%0AAsia%0D%0ABusiness%0D%0A</text>
      <textSize>14</textSize>
      <textAlign>HaCenter</textAlign>
      <lineSpacing>0</lineSpacing>
    </control>
    <control controlID="BC18232A-60DE-4464-B8E7-0C33D6ABFB15" controlTypeID="List" x="408" y="51" w="168" h="252" zOrder="61">
      <isShow>False</isShow>
      <color>4294954086</color>
      <borderVisible>False</borderVisible>
      <font family="%E5%BE%AE%E8%BD%AF%E9%9B%85%E9%BB%91" displayName="%E5%BE%AE%E8%BD%AF%E9%9B%85%E9%BB%91" postScript="" weightStyle="Regular" weight="400" isBold="False" isItalic="False"/>
      <text>Sounds%0D%0ATV%0D%0ARadio%0D%0A</text>
      <textSize>14</textSize>
      <textAlign>HaCenter</textAlign>
      <lineSpacing>0</lineSpacing>
    </control>
  </controls>
  <param>
    <backgroundColor>4294967295</backgroundColor>
    <fontSize>14</fontSize>
    <fontFamily>%E5%BE%AE%E8%BD%AF%E9%9B%85%E9%BB%91</fontFamily>
    <guideLines/>
  </param>
</mockup>