﻿<mockup version="5.3" minAllowVersion="5.3" ID="8E147BAB-4068-42C4-84BA-4AA624A67010" platform="MtWeb" defaultW="1100" defaultH="6000" measureW="1100" measureH="3100" mobileScreenScale="0">
  <controls controlCount="42">
    <control controlID="573ADF45-9814-4A0B-83D0-96DCF9B30650" controlTypeID="Search" x="849" y="10" w="96" h="24" zOrder="0">
      <font family="%E5%BE%AE%E8%BD%AF%E9%9B%85%E9%BB%91" displayName="%E5%BE%AE%E8%BD%AF%E9%9B%85%E9%BB%91" postScript="" weightStyle="Regular" weight="400" isBold="False" isItalic="False"/>
      <textSize>14</textSize>
      <textVAlign>VaTop</textVAlign>
      <lineSpacing>0</lineSpacing>
      <selectedIndex>-1</selectedIndex>
    </control>
    <control controlID="C0D7C93C-3067-41D8-9D88-46A06C994E5D" controlTypeID="Shape" x="0" y="0" w="1100" h="54" zOrder="1">
      <color>4294954086</color>
      <borderColor>4292730333</borderColor>
      <font family="%E5%BE%AE%E8%BD%AF%E9%9B%85%E9%BB%91" displayName="%E5%BE%AE%E8%BD%AF%E9%9B%85%E9%BB%91" postScript="" weightStyle="Regular" weight="400" isBold="False" isItalic="False"/>
      <textSize>14</textSize>
      <selectedIndex>-1</selectedIndex>
    </control>
    <control controlID="42FD19BF-75CD-4865-B59C-8DEA38545751" controlTypeID="VideoPlayer" x="20" y="64" w="847" h="522" zOrder="2"/>
    <control controlID="561C31D1-BDF9-4FB5-AB1A-F112F28D7BC7" controlTypeID="Shape" x="187" y="0" w="108" h="54" zOrder="3">
      <color>4294954086</color>
      <borderVisible>False</borderVisible>
      <font family="%E5%BE%AE%E8%BD%AF%E9%9B%85%E9%BB%91" displayName="%E5%BE%AE%E8%BD%AF%E9%9B%85%E9%BB%91" postScript="" weightStyle="Regular" weight="400" isBold="False" isItalic="False"/>
      <text>Home</text>
      <textSize>18</textSize>
      <useDefaultTextSize>False</useDefaultTextSize>
      <selectedIndex>-1</selectedIndex>
    </control>
    <control controlID="A65FF0B0-0323-4D39-AB46-B3500C315FF3" controlTypeID="Shape" x="299" y="0" w="108" h="54" zOrder="4">
      <color>4294954086</color>
      <borderVisible>False</borderVisible>
      <font family="%E5%BE%AE%E8%BD%AF%E9%9B%85%E9%BB%91" displayName="%E5%BE%AE%E8%BD%AF%E9%9B%85%E9%BB%91" postScript="" weightStyle="Regular" weight="400" isBold="False" isItalic="False"/>
      <text>News</text>
      <textSize>18</textSize>
      <useDefaultTextSize>False</useDefaultTextSize>
      <selectedIndex>-1</selectedIndex>
    </control>
    <control controlID="1EF1A20F-0584-46A0-B1F4-E6F38A187BE7" controlTypeID="Shape" x="403" y="0" w="108" h="54" zOrder="5">
      <color>4294954086</color>
      <borderVisible>False</borderVisible>
      <links eventType="AtClick" animate="AmNone" animateAutoDelay="0" animateDuration="500">
        <link targetPageID="1A622BC5-3642-413D-AD0C-053CCF1B3636" linkType="ltPageLink" isApplyIncludePage="False" title="Accessibility">
          <area shape="0" alt="" ID="{1D987C1F-31F0-4092-BB3B-69CB88008B8F}" coords="(0,0,108,54)"/>
        </link>
      </links>
      <font family="%E5%BE%AE%E8%BD%AF%E9%9B%85%E9%BB%91" displayName="%E5%BE%AE%E8%BD%AF%E9%9B%85%E9%BB%91" postScript="" weightStyle="Regular" weight="400" isBold="False" isItalic="False"/>
      <text>Accessibility</text>
      <textSize>18</textSize>
      <useDefaultTextSize>False</useDefaultTextSize>
      <selectedIndex>-1</selectedIndex>
    </control>
    <control controlID="0B375806-7F89-46D5-AAAE-EABD116D5CDC" controlTypeID="Shape" x="511" y="0" w="108" h="54" zOrder="6">
      <color>4294954086</color>
      <borderVisible>False</borderVisible>
      <font family="%E5%BE%AE%E8%BD%AF%E9%9B%85%E9%BB%91" displayName="%E5%BE%AE%E8%BD%AF%E9%9B%85%E9%BB%91" postScript="" weightStyle="Regular" weight="400" isBold="False" isItalic="False"/>
      <text>More</text>
      <textSize>18</textSize>
      <useDefaultTextSize>False</useDefaultTextSize>
      <selectedIndex>-1</selectedIndex>
    </control>
    <control controlID="54BE6A58-465E-42F4-AAF9-6097AF81200E" controlTypeID="Search" x="639" y="10" w="228" h="35" zOrder="7">
      <font family="%E5%BE%AE%E8%BD%AF%E9%9B%85%E9%BB%91" displayName="%E5%BE%AE%E8%BD%AF%E9%9B%85%E9%BB%91" postScript="" weightStyle="Regular" weight="400" isBold="False" isItalic="False"/>
      <textSize>14</textSize>
      <textVAlign>VaTop</textVAlign>
      <lineSpacing>0</lineSpacing>
      <selectedIndex>-1</selectedIndex>
    </control>
    <control controlID="CCFF6366-D059-494F-8533-C6BF4F632AF4" controlTypeID="AvatarEx2" x="882" y="5" w="45" h="45" zOrder="8">
      <borderColor>4294033970</borderColor>
      <icon>
        <ID/>
        <iconFontName>jdiconfontB</iconFontName>
        <iconCode>59652</iconCode>
      </icon>
      <URL>467605F5F90D9FF65132C1A6EF883F26.svg</URL>
    </control>
    <control controlID="221979CD-B090-4A42-AFDD-7F037808583C" controlTypeID="Image" x="20" y="679" w="250" h="175" zOrder="9">
      <URL>A5CB6A9ACE601ED1EBC7B94C561F9ECA.jpg</URL>
      <fitMode>fmFill</fitMode>
    </control>
    <control controlID="13BF6866-B752-4A0E-A529-E6B0D3D65CE4" controlTypeID="Image" x="564" y="679" w="250" h="175" zOrder="10">
      <URL>5FA922233AF2793F67489B72BB83EACF.png</URL>
      <fitMode>fmFill</fitMode>
    </control>
    <control controlID="9E9ABAAE-F9BE-4DF8-9D13-CB01770F3288" controlTypeID="Image" x="832" y="679" w="250" h="175" zOrder="11">
      <URL>20870C1965FC72A619F15BCA300D0631.jpg</URL>
      <fitMode>fmFill</fitMode>
    </control>
    <control controlID="A319D1F0-1A5D-417F-A87C-C94516E7EB59" controlTypeID="Image" x="289" y="679" w="250" h="175" zOrder="12">
      <URL>DBE4A8A7E05CA9AC0AB170C47740124B.jpg</URL>
      <fitMode>fmFill</fitMode>
    </control>
    <control controlID="1E8254B5-909A-43E6-B114-550023AFAF3E" controlTypeID="CircleProgressBar" x="413" y="255" w="60" h="60" zOrder="13">
      <font family="%E5%BE%AE%E8%BD%AF%E9%9B%85%E9%BB%91" displayName="%E5%BE%AE%E8%BD%AF%E9%9B%85%E9%BB%91" postScript="" weightStyle="Regular" weight="400" isBold="False" isItalic="False"/>
      <text>%E7%8E%AF%E5%BD%A2%E8%BF%9B%E5%BA%A6%E6%9D%A1</text>
      <textSize>14</textSize>
      <lineSpacing>0</lineSpacing>
      <selectedIndex>-1</selectedIndex>
    </control>
    <control controlID="9253C9D9-EDBC-41AF-A3CE-F59ED16435F9" controlTypeID="HotSpot" x="123" y="745" w="60" h="60" zOrder="14"/>
    <control controlID="F18ABC2D-1D8A-4AF1-9301-D980CF24618B" controlTypeID="Image" x="879" y="78" w="119" h="119" zOrder="15">
      <clipShapeType>SbEllipse</clipShapeType>
      <URL>44650E15AC000ED0B84BFAE25297E9D8.jpg</URL>
      <fitMode>fmFill</fitMode>
    </control>
    <control controlID="A3F9101E-BFBC-494D-9E93-41DE20BC3581" controlTypeID="Shape" x="998" y="73" w="99" h="34" zOrder="16">
      <borderVisible>False</borderVisible>
      <font family="%E5%BE%AE%E8%BD%AF%E9%9B%85%E9%BB%91" displayName="%E5%BE%AE%E8%BD%AF%E9%9B%85%E9%BB%91" postScript="" weightStyle="Regular" weight="400" isBold="False" isItalic="False"/>
      <text>%E4%BD%93%E8%82%B2%E5%8D%9A%E4%B8%BB</text>
      <textSize>16</textSize>
      <useDefaultTextSize>False</useDefaultTextSize>
      <selectedIndex>-1</selectedIndex>
    </control>
    <control controlID="A1C62FE7-D2E7-4BFF-97C2-57D850CCBA97" controlTypeID="Button" x="1008" y="117" w="79" h="31" zOrder="17">
      <color>4294954086</color>
      <borderColor>4294033970</borderColor>
      <interactiveData>
        <entry title="">
          <area shape="0" alt="" ID="{8237FA6B-F001-491A-9AA3-E4226AE6B714}" coords="(0,0,79,31)"/>
          <events title="">
            <event eventType="atClick" isChecked="True">
              <behaviour title="" isChecked="True" isWait="False" isLoop="False" execMode="emParallel">
                <target targetID="A1C62FE7-D2E7-4BFF-97C2-57D850CCBA97" IsNeedReplaceAsSelfID="True" isChecked="True" isAutoRecovery="False" isLoop="False" execMode="emSequence">
                  <command name="Set Color" isChecked="True" descrition="">
                    <param name="AniInterpolation" value="0" varType="3" description=""/>
                    <param name="AniDuration" value="200" varType="3" description=""/>
                    <param name="AniAutoReverse" value="False" varType="11" description=""/>
                    <param name="AniLoop" value="False" varType="11" description=""/>
                    <param name="AniInterpolationTypeOut" value="False" varType="11" description=""/>
                    <param name="Delay" value="0" varType="4" description=""/>
                    <param name="FromValue" value="4294967295" varType="20" description=""/>
                    <param name="ToValue" value="4291611852" varType="20" description=""/>
                  </command>
                  <command name="Set Text" isChecked="True" descrition="">
                    <param name="AniInterpolation" value="0" varType="3" description=""/>
                    <param name="AniDuration" value="200" varType="3" description=""/>
                    <param name="AniAutoReverse" value="False" varType="11" description=""/>
                    <param name="AniLoop" value="False" varType="11" description=""/>
                    <param name="AniInterpolationTypeOut" value="False" varType="11" description=""/>
                    <param name="Delay" value="0" varType="3" description=""/>
                    <param name="FromValue" value="" varType="256" description=""/>
                    <param name="ToValue" value="已关注" varType="256" description=""/>
                  </command>
                </target>
              </behaviour>
            </event>
          </events>
        </entry>
      </interactiveData>
      <font family="%E5%BE%AE%E8%BD%AF%E9%9B%85%E9%BB%91" displayName="%E5%BE%AE%E8%BD%AF%E9%9B%85%E9%BB%91" postScript="" weightStyle="Regular" weight="400" isBold="False" isItalic="False"/>
      <text>%E5%85%B3%E6%B3%A8</text>
      <textSize>16</textSize>
      <lineSpacing>0</lineSpacing>
      <useDefaultTextSize>False</useDefaultTextSize>
      <selectedIndex>-1</selectedIndex>
      <radius>4</radius>
    </control>
    <control controlID="B838C63D-5BBE-498C-8FE1-8DF380A10D4D" controlTypeID="Shape" x="881" y="212" w="114" h="39" zOrder="18">
      <borderVisible>False</borderVisible>
      <font family="%E5%BE%AE%E8%BD%AF%E9%9B%85%E9%BB%91" displayName="%E5%BE%AE%E8%BD%AF%E9%9B%85%E9%BB%91+Bold" postScript="" weightStyle="Bold" weight="700" isBold="True" isItalic="False"/>
      <text>%E6%96%B0%E9%97%BB%E7%AE%80%E4%BB%8B</text>
      <textSize>24</textSize>
      <textStyles>[fsBold]</textStyles>
      <useDefaultTextSize>False</useDefaultTextSize>
      <selectedIndex>-1</selectedIndex>
    </control>
    <control controlID="ADDD4190-3317-4FF9-95B0-F14D3F9671E3" controlTypeID="Shape" x="20" y="610" w="125" h="40" zOrder="19">
      <borderVisible>False</borderVisible>
      <font family="%E5%BE%AE%E8%BD%AF%E9%9B%85%E9%BB%91" displayName="%E5%BE%AE%E8%BD%AF%E9%9B%85%E9%BB%91+Bold" postScript="" weightStyle="Bold" weight="700" isBold="True" isItalic="False"/>
      <text>%E7%9B%B8%E5%85%B3%E6%8E%A8%E8%8D%90%EF%BC%9A</text>
      <textSize>24</textSize>
      <textStyles>[fsBold]</textStyles>
      <useDefaultTextSize>False</useDefaultTextSize>
      <selectedIndex>-1</selectedIndex>
    </control>
    <control controlID="C690C10E-1026-4B39-9A24-3235B5E3614A" controlTypeID="Shape" x="880" y="271" w="209" h="189" zOrder="20">
      <borderVisible>False</borderVisible>
      <font family="%E5%BE%AE%E8%BD%AF%E9%9B%85%E9%BB%91" displayName="%E5%BE%AE%E8%BD%AF%E9%9B%85%E9%BB%91" postScript="" weightStyle="Regular" weight="400" isBold="False" isItalic="False"/>
      <text>%E8%99%8E%E6%89%9112%E6%9C%8813%E6%97%A5%E8%AE%AF2018-19%E8%B5%9B%E5%AD%A3CBA%E5%B8%B8%E8%A7%84%E8%B5%9B%E7%AC%AC19%E8%BD%AE%EF%BC%8C%E5%B9%BF%E5%8E%A6%E4%B8%BB%E5%9C%BA%E5%AF%B9%E9%98%B5%E8%BE%BD%E5%AE%81%E3%80%82%E9%83%AD%E8%89%BE%E4%BC%A6%E7%BD%9A%E8%BF%9B%E5%85%B3%E9%94%AE%E4%B8%A4%E7%BD%9A%EF%BC%8C%E6%9C%80%E7%BB%88%E8%BE%BD%E5%AE%81%E4%BB%A5100-95%E6%88%98%E8%83%9C%E5%B9%BF%E5%8E%A6%E3%80%82</text>
      <textSize>18</textSize>
      <useDefaultTextSize>False</useDefaultTextSize>
      <selectedIndex>-1</selectedIndex>
    </control>
    <control controlID="2F55FDD5-6E07-40CC-8873-EECC42F90981" controlTypeID="Shape" x="890" y="436" w="182" h="30" zOrder="21">
      <borderColor>4294033970</borderColor>
      <borderVisible>False</borderVisible>
      <font family="%E5%BE%AE%E8%BD%AF%E9%9B%85%E9%BB%91" displayName="%E5%BE%AE%E8%BD%AF%E9%9B%85%E9%BB%91+Bold" postScript="" weightStyle="Bold" weight="700" isBold="True" isItalic="False"/>
      <text>For+more+details+%3E%3E</text>
      <textSize>18</textSize>
      <textStyles>[fsBold]</textStyles>
      <useDefaultTextSize>False</useDefaultTextSize>
      <selectedIndex>-1</selectedIndex>
    </control>
    <control controlID="6CFD9E71-C932-4AC5-8DF0-66DDE8496A0D" controlTypeID="Shape" x="564" y="856" w="250" h="93" zOrder="22">
      <borderVisible>False</borderVisible>
      <font family="%E5%BE%AE%E8%BD%AF%E9%9B%85%E9%BB%91" displayName="%E5%BE%AE%E8%BD%AF%E9%9B%85%E9%BB%91" postScript="" weightStyle="Regular" weight="400" isBold="False" isItalic="False"/>
      <text>%E3%80%90%E8%B5%9B%E5%90%8E%E3%80%91%E5%A4%A9%E6%B4%A5101-112%E5%8C%97%E4%BA%AC%EF%BD%9C%E6%97%B6%E5%BE%B7%E5%B8%8532%2B8%EF%BC%8C%E7%BD%97%E5%88%87%E6%96%AF%E7%89%B929%2B13%EF%BC%9B%E6%B1%89%E5%AF%86%E5%B0%94%E9%A1%BF33%2B10%EF%BC%8C%E6%9D%B0%E5%85%8B%E9%80%8A19%2B7%2B10</text>
      <textSize>16</textSize>
      <useDefaultTextSize>False</useDefaultTextSize>
      <selectedIndex>-1</selectedIndex>
    </control>
    <control controlID="D09D2DCD-0C15-491A-A5E0-CDDD1AFF0142" controlTypeID="Shape" x="289" y="854" w="243" h="93" zOrder="23">
      <borderVisible>False</borderVisible>
      <font family="%E5%BE%AE%E8%BD%AF%E9%9B%85%E9%BB%91" displayName="%E5%BE%AE%E8%BD%AF%E9%9B%85%E9%BB%91" postScript="" weightStyle="Regular" weight="400" isBold="False" isItalic="False"/>
      <text>%E3%80%90%E8%B5%9B%E5%90%8E%E3%80%91%E5%B9%BF%E5%8E%A695-100%E8%BE%BD%E5%AE%81%E4%B8%A8%E7%A6%8F%E7%89%B9%E6%A3%AE16%2B6%2B9%EF%BC%8C%E8%83%A1%E9%87%91%E7%A7%8B17%2B6%EF%BC%9B%E9%83%AD%E8%89%BE%E4%BC%A632%2B5%2B5%EF%BC%8C%E5%B7%B4%E6%96%AF23%2B10+</text>
      <textSize>16</textSize>
      <useDefaultTextSize>False</useDefaultTextSize>
      <selectedIndex>-1</selectedIndex>
    </control>
    <control controlID="60439A1C-309B-4E55-B6BD-017BFFFC3622" controlTypeID="Shape" x="20" y="854" w="250" h="93" zOrder="24">
      <borderVisible>False</borderVisible>
      <font family="%E5%BE%AE%E8%BD%AF%E9%9B%85%E9%BB%91" displayName="%E5%BE%AE%E8%BD%AF%E9%9B%85%E9%BB%91" postScript="" weightStyle="Regular" weight="400" isBold="False" isItalic="False"/>
      <text>This+is+my+house!++Flash+Back.+%0D%0A5%E5%88%86%E9%92%9F%E9%87%8D%E7%8E%B0%E5%B7%85%E5%B3%B0%E9%97%AA%E7%94%B5%E4%BE%A0%E3%80%82</text>
      <textSize>16</textSize>
      <useDefaultTextSize>False</useDefaultTextSize>
      <selectedIndex>-1</selectedIndex>
    </control>
    <control controlID="71027B9B-FFA9-4930-84A6-04DC5B976056" controlTypeID="Shape" x="835" y="856" w="252" h="85" zOrder="25">
      <borderVisible>False</borderVisible>
      <font family="%E5%BE%AE%E8%BD%AF%E9%9B%85%E9%BB%91" displayName="%E5%BE%AE%E8%BD%AF%E9%9B%85%E9%BB%91" postScript="" weightStyle="Regular" weight="400" isBold="False" isItalic="False"/>
      <text>%E4%B8%BA%E5%9B%BD%E4%BA%89%E5%85%89%EF%BC%8C%E4%B8%8D%E8%BE%B1%E4%BD%BF%E5%91%BD%E3%80%82%0D%0A2019%E4%B8%96%E7%95%8C%E6%9D%AF%E6%88%91%E4%BB%AC%E6%9D%A5%E4%BA%86</text>
      <textSize>16</textSize>
      <useDefaultTextSize>False</useDefaultTextSize>
      <selectedIndex>-1</selectedIndex>
    </control>
    <control controlID="D1653582-5692-4E7B-8D30-875985A053BA" controlTypeID="Shape" x="20" y="988" w="745" h="688" zOrder="26">
      <borderVisible>False</borderVisible>
      <font family="%E5%BE%AE%E8%BD%AF%E9%9B%85%E9%BB%91" displayName="%E5%BE%AE%E8%BD%AF%E9%9B%85%E9%BB%91" postScript="" weightStyle="Regular" weight="400" isBold="False" isItalic="False"/>
      <text>%E8%99%8E%E6%89%9112%E6%9C%8813%E6%97%A5%E8%AE%AF2018-19%E8%B5%9B%E5%AD%A3CBA%E5%B8%B8%E8%A7%84%E8%B5%9B%E7%AC%AC19%E8%BD%AE%EF%BC%8C%E5%B9%BF%E5%8E%A6%E4%B8%BB%E5%9C%BA%E5%AF%B9%E9%98%B5%E8%BE%BD%E5%AE%81%E3%80%82%E6%AF%94%E8%B5%9B%E5%BC%80%E5%A7%8B%EF%BC%8C%E8%BE%BD%E5%AE%81%E5%8F%96%E5%BE%977-2%E5%BC%80%E5%B1%80%EF%BC%8C%E4%B8%8D%E8%BF%87%E4%B9%8B%E5%90%8E%E8%BE%BD%E5%AE%81%E5%87%BA%E7%8E%B0%E4%BA%86%E5%A4%9A%E6%AC%A1%E5%A4%B1%E8%AF%AF%EF%BC%8C%E5%B9%BF%E5%8E%A6%E5%87%AD%E5%80%9F%E8%87%AA%E5%B7%B1%E7%9A%84%E7%A7%AF%E6%9E%81%E6%80%A7%E5%8F%8D%E8%B6%85%E6%AF%94%E5%88%86%E3%80%82%0D%0A%E9%A6%96%E8%8A%82%E6%88%98%E7%BD%A2%EF%BC%8C%E5%B9%BF%E5%8E%A6%E4%BB%A523-22%E9%A2%86%E5%85%88%E4%B8%80%E5%88%86%E3%80%82%E6%AC%A1%E8%8A%82%E6%AF%94%E8%B5%9B%EF%BC%8C%E5%8F%8C%E6%96%B9%E7%9A%84%E5%91%BD%E4%B8%AD%E7%8E%87%E9%83%BD%E6%AF%94%E8%BE%83%E4%BD%8E%EF%BC%8C%E5%B9%BF%E5%8E%A6%E5%87%AD%E5%80%9F%E6%89%AC%E5%B0%BC%E6%96%AF-%E5%8D%9A%E6%B4%9B%E8%A5%BF%E6%96%AF%E7%9A%84%E5%8F%91%E6%8C%A5%E6%8A%8A%E6%AF%94%E5%88%86%E9%80%90%E6%B8%90%E6%8B%89%E5%BC%80%E3%80%82%E5%B7%B4%E6%96%AF%E7%AF%AE%E4%B8%8B%E6%9A%B4%E6%89%A32%2B1%EF%BC%8C%E6%89%93%E5%93%8D%E8%BE%BD%E5%AE%81%E5%8F%8D%E6%94%BB%E5%8F%B7%E8%A7%92%EF%BC%8C%E5%93%88%E5%BE%B7%E6%A3%AE%E5%85%A8%E5%9C%BA%E4%B8%80%E6%9D%A1%E9%BE%99%E8%BF%BD%E5%B9%B3%E6%AF%94%E5%88%86%E3%80%82%E4%B8%8A%E5%8D%8A%E5%9C%BA%E7%BB%93%E6%9D%9F%EF%BC%8C%E5%B9%BF%E5%8E%A6%E4%BB%A542-41%E9%A2%86%E5%85%88%E3%80%82%0D%0A%E6%98%93%E8%BE%B9%E5%86%8D%E6%88%98%EF%BC%8C%E6%AF%94%E8%B5%9B%E5%8D%81%E5%88%86%E6%BF%80%E7%83%88%EF%BC%8C%E5%B8%83%E5%85%B0%E7%99%BB-%E5%B7%B4%E6%96%AF%E9%9A%94%E6%89%A3%E8%83%A1%E9%87%91%E7%A7%8B%E8%BF%BD%E5%B9%B3%E6%AF%94%E5%88%86%EF%BC%8C%E4%B8%8D%E8%BF%87%E5%B9%BF%E5%8E%A6%E4%B9%8B%E5%90%8E%E5%87%BA%E7%8E%B0%E4%BA%86%E5%87%A0%E6%AC%A1%E5%A4%B1%E8%AF%AF%EF%BC%8C%E8%BE%BD%E5%AE%81%E8%B6%81%E6%9C%BA%E6%8A%8A%E6%8B%89%E5%BC%806%E5%88%86%E5%88%86%E5%B7%AE%EF%BC%8C%E5%8D%9A%E6%B4%9B%E8%A5%BF%E6%96%AF%E8%8A%82%E6%9C%AB%E5%8E%8B%E5%93%A8%E5%91%BD%E4%B8%AD%E4%B8%89%E5%88%86%EF%BC%8C%E5%B8%AE%E5%8A%A9%E7%90%83%E9%98%9F%E9%87%8D%E6%96%B0%E5%A4%BA%E5%9B%9E%E9%A2%86%E5%85%88%E3%80%82%E4%B8%89%E8%8A%82%E6%88%98%E7%BD%A2%EF%BC%8C%E5%B9%BF%E5%8E%A6%E4%BB%A572-70%E9%A2%86%E5%85%88%E3%80%82%0D%0A%E6%9C%AB%E8%8A%82%E6%AF%94%E8%B5%9B%EF%BC%8C%E8%BE%BD%E5%AE%81%E9%80%90%E6%B8%90%E6%89%93%E5%BC%80%E4%BA%86%EF%BC%8C%E9%9F%A9%E5%BE%B7%E5%90%9B2%2B1%E6%8A%8A%E5%88%86%E5%B7%AE%E6%8B%89%E5%BC%80%E5%88%B012%E5%88%86%EF%BC%8C%E5%B9%BF%E5%8E%A6%E8%BF%98%E6%98%AF%E5%BE%88%E7%A7%AF%E6%9E%81%EF%BC%8C%E5%86%B2%E6%8A%A2%E4%BA%8C%E6%AC%A1%E7%AF%AE%E6%9D%BF%E7%BC%A9%E5%B0%8F%E6%AF%94%E5%88%86%E3%80%82%E9%83%AD%E8%89%BE%E4%BC%A6%E7%BD%9A%E8%BF%9B%E5%85%B3%E9%94%AE%E4%B8%A4%E7%BD%9A%EF%BC%8C%E6%9C%80%E7%BB%88%E8%BE%BD%E5%AE%81%E4%BB%A5100-95%E6%88%98%E8%83%9C%E5%B9%BF%E5%8E%A6%E3%80%82%0D%0A%0D%0A%E5%B9%BF%E5%8E%A6%E6%95%B0%E6%8D%AE%EF%BC%9A%E8%80%83%E7%89%B9%E5%B0%BC-%E7%A6%8F%E7%89%B9%E6%A3%AE16%E5%88%866%E7%AF%AE%E6%9D%BF9%E5%8A%A9%E6%94%BB%EF%BC%9B%E6%89%AC%E5%B0%BC%E6%96%AF-%E5%8D%9A%E6%B4%9B%E8%A5%BF%E6%96%AF16%E5%88%865%E7%AF%AE%E6%9D%BF%EF%BC%9B%E8%8B%8F%E8%8B%A5%E7%A6%B910%E5%88%864%E7%AF%AE%E6%9D%BF%EF%BC%9B%E8%83%A1%E9%87%91%E7%A7%8B10%E5%88%863%E7%AF%AE%E6%9D%BF4%E5%8A%A9%E6%94%BB%EF%BC%9B%E5%AD%99%E9%93%AD%E5%BE%BD8%E5%88%863%E5%8A%A9%E6%94%BB%E3%80%82%0D%0A%0D%0A%E8%BE%BD%E5%AE%81%E6%95%B0%E6%8D%AE%EF%BC%9A%E8%8E%B1%E6%96%AF%E7%89%B9-%E5%93%88%E5%BE%B7%E6%A3%AE21%E5%88%868%E7%AF%AE%E6%9D%BF6%E5%8A%A9%E6%94%BB%EF%BC%9B%E5%B8%83%E5%85%B0%E7%99%BB-%E5%B7%B4%E6%96%AF23%E5%88%8610%E7%AF%AE%E6%9D%BF%EF%BC%9B%E9%83%AD%E8%89%BE%E4%BC%A632%E5%88%865%E7%AF%AE%E6%9D%BF5%E5%8A%A9%E6%94%BB%EF%BC%9B%E9%9F%A9%E5%BE%B7%E5%90%9B14%E5%88%8613%E7%AF%AE%E6%9D%BF%EF%BC%9B%E5%88%98%E5%BF%97%E8%BD%A93%E5%88%863%E5%8A%A9%E6%94%BB%E3%80%82%0D%0A%0D%0A%5B%E7%BC%BA%E5%B8%AD%E5%90%8D%E5%8D%95%5D%0D%0A%0D%0A%E5%B9%BF%E5%8E%A6%EF%BC%9A%E8%B5%B5%E5%B2%A9%E6%98%8A%E8%84%9A%E8%B8%9D%E6%89%AD%E4%BC%A4%E3%80%82%0D%0A%0D%0A%E8%BE%BD%E5%AE%81%EF%BC%9A%E8%B5%B5%E7%BB%A7%E4%BC%9F%E8%84%9A%E8%B8%9D%E6%89%AD%E4%BC%A4%E3%80%82%0D%0A%0D%0A%0D%0A%0D%0A%0D%0A%E5%8F%8C%E6%96%B9%E7%BB%9F%E8%AE%A1%E6%95%B0%E6%8D%AE%EF%BC%9A%0D%0A%0D%0A%0D%0A%0D%0A%0D%0A</text>
      <textSize>16</textSize>
      <useDefaultTextSize>False</useDefaultTextSize>
      <selectedIndex>-1</selectedIndex>
    </control>
    <control controlID="BE1A5FA9-B83F-4DCE-942B-3B082FDA6CAA" controlTypeID="Image" x="17" y="1686" w="750" h="544" zOrder="27">
      <URL>CF2C7296426C11DF67945056A367A461.png</URL>
    </control>
    <control controlID="59EEC895-328F-4836-9FA6-D09CF1E4B07D" controlTypeID="Image" x="17" y="2260" w="750" h="544" zOrder="28">
      <URL>CF2C7296426C11DF67945056A367A461.png</URL>
    </control>
    <control controlID="C36B176C-9368-4D02-86D2-8A611BDFAEE0" controlTypeID="Image" x="890" y="480" w="65" h="65" zOrder="29">
      <URL>05879CF4BC7C04EF70F897521BA6BAF4.png</URL>
    </control>
    <control controlID="5CD41A31-70BC-45FA-BC77-4BFABDF392DD" controlTypeID="Image" x="976" y="480" w="65" h="65" zOrder="30">
      <URL>F8B7C00C8873072CE25570834476261D.png</URL>
    </control>
    <control controlID="B43F4AF2-3B50-42EA-805D-CB706C2C9F41" controlTypeID="Image" x="882" y="537" w="101" h="65" zOrder="31">
      <URL>CDCBBD6BEDDF96F1654B83CB572C1AB3.png</URL>
    </control>
    <control controlID="3978654B-3FD0-4024-A9DA-976720247BE6" controlTypeID="Label" x="6" y="2810" w="67" h="27" zOrder="32">
      <font family="%E5%BE%AE%E8%BD%AF%E9%9B%85%E9%BB%91" displayName="%E5%BE%AE%E8%BD%AF%E9%9B%85%E9%BB%91" postScript="" weightStyle="Regular" weight="400" isBold="False" isItalic="False"/>
      <text>Review</text>
      <textSize>20</textSize>
      <lineSpacing>0</lineSpacing>
      <useDefaultTextSize>False</useDefaultTextSize>
      <selectedIndex>-1</selectedIndex>
    </control>
    <control controlID="4068BBC9-9CA5-4B8A-B620-0979A14B2D29" controlTypeID="List" x="6" y="2847" w="1035" h="113" zOrder="33">
      <font family="%E5%BE%AE%E8%BD%AF%E9%9B%85%E9%BB%91" displayName="%E5%BE%AE%E8%BD%AF%E9%9B%85%E9%BB%91" postScript="" weightStyle="Regular" weight="400" isBold="False" isItalic="False"/>
      <text>Review+one...%0D%0AReview+two...%0D%0AReview+three...%0D%0AReview+four....%0D%0A......</text>
      <textSize>14</textSize>
      <lineSpacing>0</lineSpacing>
    </control>
    <control controlID="8274487C-A17E-4729-AB0A-393DF10CD9B0" controlTypeID="TextInput" x="6" y="2970" w="1035" h="76" zOrder="34">
      <font family="%E5%BE%AE%E8%BD%AF%E9%9B%85%E9%BB%91" displayName="%E5%BE%AE%E8%BD%AF%E9%9B%85%E9%BB%91" postScript="" weightStyle="Regular" weight="400" isBold="False" isItalic="False"/>
      <text>Say+something</text>
      <lineSpacing>0</lineSpacing>
      <selectedIndex>-1</selectedIndex>
    </control>
    <control controlID="84837FC4-8940-4E78-AF19-C118EC257F82" controlTypeID="Button" x="940" y="3056" w="70" h="28" zOrder="35">
      <font family="%E5%BE%AE%E8%BD%AF%E9%9B%85%E9%BB%91" displayName="%E5%BE%AE%E8%BD%AF%E9%9B%85%E9%BB%91" postScript="" weightStyle="Regular" weight="400" isBold="False" isItalic="False"/>
      <text>Send</text>
      <lineSpacing>0</lineSpacing>
      <selectedIndex>-1</selectedIndex>
      <radius>4</radius>
    </control>
    <control controlID="5415470B-3D6A-4192-9C87-08B1F0D9382E" controlTypeID="TextInput" x="0" y="0" w="197" h="50" zOrder="36">
      <color>4294954086</color>
      <borderVisible>False</borderVisible>
      <font family="%E5%BE%AE%E8%BD%AF%E9%9B%85%E9%BB%91" displayName="%E5%BE%AE%E8%BD%AF%E9%9B%85%E9%BB%91+Bold" postScript="" weightStyle="Bold" weight="700" isBold="True" isItalic="False"/>
      <text>Date%3A2018%2F12%2F18</text>
      <textSize>18</textSize>
      <textAlign>HaCenter</textAlign>
      <lineSpacing>0</lineSpacing>
      <textStyles>[fsBold]</textStyles>
      <useDefaultTextSize>False</useDefaultTextSize>
      <selectedIndex>-1</selectedIndex>
    </control>
    <control controlID="A9BAF2BC-9964-4828-917A-5B56A5978E34" controlTypeID="AvatarEx2" x="951" y="5" w="33" h="33" zOrder="37">
      <borderColor>4294033970</borderColor>
      <icon>
        <ID/>
        <iconFontName>jdiconfontB</iconFontName>
        <iconCode>59652</iconCode>
      </icon>
      <URL>467605F5F90D9FF65132C1A6EF883F26.svg</URL>
    </control>
    <control controlID="CB9F5075-F63B-43C0-A82D-2BA0E128FB73" controlTypeID="Shape" x="1007" y="2" w="82" h="47" zOrder="38">
      <caption>register</caption>
      <color>4294954086</color>
      <borderVisible>False</borderVisible>
      <links eventType="AtClick" animate="AmNone" animateAutoDelay="0" animateDuration="500">
        <link targetPageID="1D6B670A-4FA1-4398-B534-00208812746B" linkType="ltPageLink" isApplyIncludePage="False" title="%E7%99%BB%E9%99%86">
          <area shape="0" alt="" ID="{E7484BD4-DFEA-49A5-AC3F-B507DCA1692E}" coords="(0,0,82,47)"/>
        </link>
      </links>
      <font family="%E5%BE%AE%E8%BD%AF%E9%9B%85%E9%BB%91" displayName="%E5%BE%AE%E8%BD%AF%E9%9B%85%E9%BB%91" postScript="" weightStyle="Regular" weight="400" isBold="False" isItalic="False"/>
      <text>Register</text>
      <textSize>18</textSize>
      <useDefaultTextSize>False</useDefaultTextSize>
      <selectedIndex>-1</selectedIndex>
    </control>
    <control controlID="DC954071-DB9F-4707-870B-9E35D7F4D868" controlTypeID="Shape" x="933" y="2" w="82" h="47" zOrder="39">
      <caption>Login</caption>
      <color>4294954086</color>
      <borderVisible>False</borderVisible>
      <links eventType="AtClick" animate="AmNone" animateAutoDelay="0" animateDuration="500">
        <link targetPageID="1D6B670A-4FA1-4398-B534-00208812746B" linkType="ltPageLink" isApplyIncludePage="False" title="%E7%99%BB%E9%99%86">
          <area shape="0" alt="" ID="{DCF84791-0FB4-4169-AB32-C3991295B2D3}" coords="(0,0,82,47)"/>
        </link>
      </links>
      <font family="%E5%BE%AE%E8%BD%AF%E9%9B%85%E9%BB%91" displayName="%E5%BE%AE%E8%BD%AF%E9%9B%85%E9%BB%91" postScript="" weightStyle="Regular" weight="400" isBold="False" isItalic="False"/>
      <text>Login</text>
      <textSize>18</textSize>
      <useDefaultTextSize>False</useDefaultTextSize>
      <selectedIndex>-1</selectedIndex>
    </control>
    <control controlID="7CF440B3-AA90-4D52-9C0A-262640CF0BD6" controlTypeID="List" x="259" y="50" w="168" h="252" zOrder="40">
      <isShow>False</isShow>
      <color>4294954086</color>
      <borderVisible>False</borderVisible>
      <links eventType="AtClick" animate="AmNone" animateAutoDelay="0" animateDuration="500">
        <link targetPageID="EF538E16-EF42-4721-A8F7-09E90520BB10" linkType="ltPageLink" isApplyIncludePage="False" title="World">
          <area shape="0" alt="" ID="{F92D3D7D-DD6D-4DF8-9985-EB5AA538C568}" coords="(1,1,167,26)"/>
        </link>
        <link targetPageID="" linkType="ltPageLink" isApplyIncludePage="False" title="Asia">
          <area shape="0" alt="" ID="{425336C7-BBA1-4FE4-A82D-AB5D8CC21B50}" coords="(1,26,167,51)"/>
        </link>
        <link targetPageID="" linkType="ltPageLink" isApplyIncludePage="False" title="Business">
          <area shape="0" alt="" ID="{33001601-FD58-4E4F-9A10-0A638F1AD6AA}" coords="(1,51,167,76)"/>
        </link>
      </links>
      <font family="%E5%BE%AE%E8%BD%AF%E9%9B%85%E9%BB%91" displayName="%E5%BE%AE%E8%BD%AF%E9%9B%85%E9%BB%91" postScript="" weightStyle="Regular" weight="400" isBold="False" isItalic="False"/>
      <text>World%0D%0AAsia%0D%0ABusiness%0D%0A</text>
      <textSize>14</textSize>
      <textAlign>HaCenter</textAlign>
      <lineSpacing>0</lineSpacing>
    </control>
    <control controlID="3B8BB00B-C833-4B80-A917-12A6FEEB69E9" controlTypeID="List" x="482" y="50" w="168" h="252" zOrder="41">
      <isShow>False</isShow>
      <color>4294954086</color>
      <borderVisible>False</borderVisible>
      <font family="%E5%BE%AE%E8%BD%AF%E9%9B%85%E9%BB%91" displayName="%E5%BE%AE%E8%BD%AF%E9%9B%85%E9%BB%91" postScript="" weightStyle="Regular" weight="400" isBold="False" isItalic="False"/>
      <text>Sounds%0D%0ATV%0D%0ARadio%0D%0A</text>
      <textSize>14</textSize>
      <textAlign>HaCenter</textAlign>
      <lineSpacing>0</lineSpacing>
    </control>
  </controls>
  <param>
    <backgroundColor>4294967295</backgroundColor>
    <fontSize>14</fontSize>
    <fontFamily>%E5%BE%AE%E8%BD%AF%E9%9B%85%E9%BB%91</fontFamily>
    <guideLines/>
  </param>
</mockup>