﻿<mockup version="5.3" minAllowVersion="5.3" ID="BD450164-CBE8-4224-891B-07962285382D" platform="MtWeb" defaultW="1100" defaultH="6000" measureW="1100" measureH="750" mobileScreenScale="0">
  <controls controlCount="27">
    <control controlID="CA1AF4ED-3FE1-4F12-9C8C-4548834D9625" controlTypeID="TextInput" x="415" y="265" w="330" h="30" zOrder="0">
      <font family="%E5%BE%AE%E8%BD%AF%E9%9B%85%E9%BB%91" displayName="%E5%BE%AE%E8%BD%AF%E9%9B%85%E9%BB%91" postScript="" weightStyle="Regular" weight="400" isBold="False" isItalic="False"/>
      <lineSpacing>0</lineSpacing>
      <selectedIndex>-1</selectedIndex>
    </control>
    <control controlID="658B77B1-FE68-4A84-B9FD-E651CDE558D1" controlTypeID="ScratchOut" x="475" y="146" w="190" h="80" zOrder="1">
      <opacity>0.300000011920929</opacity>
    </control>
    <control controlID="16E1BF3F-3689-4419-BBE0-639D78DDFB86" controlTypeID="Label" x="323" y="263" w="70" h="32" zOrder="2">
      <font family="%E5%BE%AE%E8%BD%AF%E9%9B%85%E9%BB%91" displayName="%E5%BE%AE%E8%BD%AF%E9%9B%85%E9%BB%91" postScript="" weightStyle="Regular" weight="400" isBold="False" isItalic="False"/>
      <text>email%EF%BC%9A</text>
      <textColor>4288256460</textColor>
      <textSize>24</textSize>
      <lineSpacing>0</lineSpacing>
      <useDefaultTextSize>False</useDefaultTextSize>
      <selectedIndex>-1</selectedIndex>
    </control>
    <control controlID="163E59F3-3450-49C1-B770-A0D4F04B5A69" controlTypeID="Label" x="276" y="324" w="117" h="32" zOrder="3">
      <font family="%E5%BE%AE%E8%BD%AF%E9%9B%85%E9%BB%91" displayName="%E5%BE%AE%E8%BD%AF%E9%9B%85%E9%BB%91" postScript="" weightStyle="Regular" weight="400" isBold="False" isItalic="False"/>
      <text>password%EF%BC%9A</text>
      <textColor>4288256409</textColor>
      <textSize>24</textSize>
      <lineSpacing>0</lineSpacing>
      <useDefaultTextSize>False</useDefaultTextSize>
      <selectedIndex>-1</selectedIndex>
    </control>
    <control controlID="1F5308EA-AB33-44FB-9679-813858C0954A" controlTypeID="Label" x="269" y="540" w="124" h="32" zOrder="4">
      <font family="%E5%BE%AE%E8%BD%AF%E9%9B%85%E9%BB%91" displayName="%E5%BE%AE%E8%BD%AF%E9%9B%85%E9%BB%91" postScript="" weightStyle="Regular" weight="400" isBold="False" isItalic="False"/>
      <text>telephone%EF%BC%9A</text>
      <textColor>4288256409</textColor>
      <textSize>24</textSize>
      <lineSpacing>0</lineSpacing>
      <useDefaultTextSize>False</useDefaultTextSize>
      <selectedIndex>-1</selectedIndex>
    </control>
    <control controlID="4DCAC522-B62F-4A6D-BB54-5FF6409AE69D" controlTypeID="Label" x="273" y="463" w="120" h="32" zOrder="5">
      <font family="%E5%BE%AE%E8%BD%AF%E9%9B%85%E9%BB%91" displayName="%E5%BE%AE%E8%BD%AF%E9%9B%85%E9%BB%91" postScript="" weightStyle="Regular" weight="400" isBold="False" isItalic="False"/>
      <text>username%EF%BC%9A</text>
      <textColor>4288256409</textColor>
      <textSize>24</textSize>
      <lineSpacing>0</lineSpacing>
      <useDefaultTextSize>False</useDefaultTextSize>
      <selectedIndex>-1</selectedIndex>
    </control>
    <control controlID="191134EB-5672-459D-8EEE-D5F1C6E2D67A" controlTypeID="TextInput" x="415" y="325" w="330" h="30" zOrder="6">
      <font family="%E5%BE%AE%E8%BD%AF%E9%9B%85%E9%BB%91" displayName="%E5%BE%AE%E8%BD%AF%E9%9B%85%E9%BB%91" postScript="" weightStyle="Regular" weight="400" isBold="False" isItalic="False"/>
      <lineSpacing>0</lineSpacing>
      <selectedIndex>-1</selectedIndex>
    </control>
    <control controlID="3065B8F9-386A-485E-B8CB-531B60171EF7" controlTypeID="TextInput" x="415" y="394" w="330" h="30" zOrder="7">
      <font family="%E5%BE%AE%E8%BD%AF%E9%9B%85%E9%BB%91" displayName="%E5%BE%AE%E8%BD%AF%E9%9B%85%E9%BB%91" postScript="" weightStyle="Regular" weight="400" isBold="False" isItalic="False"/>
      <lineSpacing>0</lineSpacing>
      <selectedIndex>-1</selectedIndex>
    </control>
    <control controlID="CE93F2ED-AD56-433F-8DE1-AB4027C27909" controlTypeID="TextInput" x="415" y="464" w="330" h="30" zOrder="8">
      <font family="%E5%BE%AE%E8%BD%AF%E9%9B%85%E9%BB%91" displayName="%E5%BE%AE%E8%BD%AF%E9%9B%85%E9%BB%91" postScript="" weightStyle="Regular" weight="400" isBold="False" isItalic="False"/>
      <lineSpacing>0</lineSpacing>
      <selectedIndex>-1</selectedIndex>
    </control>
    <control controlID="E5750D50-BE91-42D2-87D4-23BEA628EE7B" controlTypeID="TextInput" x="415" y="541" w="330" h="30" zOrder="9">
      <font family="%E5%BE%AE%E8%BD%AF%E9%9B%85%E9%BB%91" displayName="%E5%BE%AE%E8%BD%AF%E9%9B%85%E9%BB%91" postScript="" weightStyle="Regular" weight="400" isBold="False" isItalic="False"/>
      <lineSpacing>0</lineSpacing>
      <selectedIndex>-1</selectedIndex>
    </control>
    <control controlID="6EFB6DBE-7057-4283-A251-24613316D617" controlTypeID="Label" x="180" y="393" w="213" h="32" zOrder="10">
      <font family="%E5%BE%AE%E8%BD%AF%E9%9B%85%E9%BB%91" displayName="%E5%BE%AE%E8%BD%AF%E9%9B%85%E9%BB%91" postScript="" weightStyle="Regular" weight="400" isBold="False" isItalic="False"/>
      <text>password+confirm%EF%BC%9A</text>
      <textColor>4288256409</textColor>
      <textSize>24</textSize>
      <lineSpacing>0</lineSpacing>
      <useDefaultTextSize>False</useDefaultTextSize>
      <selectedIndex>-1</selectedIndex>
    </control>
    <control controlID="6D091CB3-6890-4679-B251-C90121880082" controlTypeID="Label" x="497" y="165" w="130" h="43" zOrder="11">
      <font family="%E5%BE%AE%E8%BD%AF%E9%9B%85%E9%BB%91" displayName="%E5%BE%AE%E8%BD%AF%E9%9B%85%E9%BB%91_%26_Bold+Italic" postScript="" weightStyle="Bold+Italic" weight="700" isBold="True" isItalic="True"/>
      <text>register</text>
      <textColor>4288256358</textColor>
      <textSize>32</textSize>
      <lineSpacing>0</lineSpacing>
      <textStyles>[fsBold,fsItalic]</textStyles>
      <useDefaultTextSize>False</useDefaultTextSize>
      <selectedIndex>-1</selectedIndex>
    </control>
    <control controlID="F84F7DB5-67CB-4C6A-A42C-B3585E51D445" controlTypeID="Button" x="413" y="617" w="113" h="54" zOrder="12">
      <links eventType="AtClick" animate="AmNone" animateAutoDelay="0" animateDuration="500">
        <link targetPageID="1D6B670A-4FA1-4398-B534-00208812746B" linkType="ltPageLink" isApplyIncludePage="False" title="%E7%99%BB%E9%99%86">
          <area shape="0" alt="" ID="{639ED60F-FCCA-4D1C-B2D1-E63844B7DF75}" coords="(0,0,113,54)"/>
        </link>
      </links>
      <font family="%E5%BE%AE%E8%BD%AF%E9%9B%85%E9%BB%91" displayName="%E5%BE%AE%E8%BD%AF%E9%9B%85%E9%BB%91" postScript="" weightStyle="Regular" weight="400" isBold="False" isItalic="False"/>
      <text>Cancel</text>
      <textColor>4288256256</textColor>
      <textSize>24</textSize>
      <lineSpacing>0</lineSpacing>
      <useDefaultTextSize>False</useDefaultTextSize>
      <selectedIndex>-1</selectedIndex>
      <radius>4</radius>
    </control>
    <control controlID="247DFC01-10B3-4446-B92E-C97B120026FD" controlTypeID="Shape" x="0" y="0" w="1100" h="54" zOrder="13">
      <color>4294954086</color>
      <borderColor>4292730333</borderColor>
      <font family="%E5%BE%AE%E8%BD%AF%E9%9B%85%E9%BB%91" displayName="%E5%BE%AE%E8%BD%AF%E9%9B%85%E9%BB%91" postScript="" weightStyle="Regular" weight="400" isBold="False" isItalic="False"/>
      <textSize>14</textSize>
      <selectedIndex>-1</selectedIndex>
    </control>
    <control controlID="5538A7FF-B6A7-4E04-8363-570936D20694" controlTypeID="Shape" x="187" y="0" w="108" h="54" zOrder="14">
      <color>4294954086</color>
      <borderVisible>False</borderVisible>
      <links eventType="AtClick" animate="AmNone" animateAutoDelay="0" animateDuration="500">
        <link targetPageID="FFCF20B9-7DF9-499E-A761-1E43C158F017" linkType="ltPageLink" isApplyIncludePage="False" title="Home">
          <area shape="0" alt="" ID="{5A7E3979-9E4E-4EE4-B9D9-D8BA1CC03366}" coords="(0,0,108,54)"/>
        </link>
      </links>
      <font family="%E5%BE%AE%E8%BD%AF%E9%9B%85%E9%BB%91" displayName="%E5%BE%AE%E8%BD%AF%E9%9B%85%E9%BB%91" postScript="" weightStyle="Regular" weight="400" isBold="False" isItalic="False"/>
      <text>Home</text>
      <textSize>18</textSize>
      <useDefaultTextSize>False</useDefaultTextSize>
      <selectedIndex>-1</selectedIndex>
    </control>
    <control controlID="B663B0F0-4508-4D88-927C-7D6CF6121B48" controlTypeID="Shape" x="295" y="0" w="108" h="54" zOrder="15">
      <color>4294954086</color>
      <borderVisible>False</borderVisible>
      <interactiveData>
        <entry title="">
          <area shape="0" alt="" ID="{48A951B8-E932-4C93-AF52-355EBF647449}" coords="(0,0,108,54)"/>
          <events title="">
            <event eventType="atClick" isChecked="True">
              <behaviour title="" isChecked="True" isWait="False" isLoop="False" execMode="emParallel">
                <target targetID="6E6BF647-9A37-428E-9209-12EC7B2D6A95" isChecked="True" isAutoRecovery="False" isLoop="False" execMode="emSequence">
                  <command name="Change Visibility" isChecked="True" descrition="">
                    <param name="AniInterpolation" value="1" varType="3" description=""/>
                    <param name="AniDuration" value="200" varType="3" description=""/>
                    <param name="AniAutoReverse" value="False" varType="11" description=""/>
                    <param name="AniLoop" value="False" varType="11" description=""/>
                    <param name="AniInterpolationTypeOut" value="False" varType="11" description=""/>
                    <param name="Delay" value="0" varType="3" description=""/>
                    <param name="ValueFromCurrent" value="True" varType="11" description=""/>
                    <param name="ForceFromInitValue" value="False" varType="11" description=""/>
                    <param name="ForceSetVisible" value="False" varType="11" description=""/>
                    <param name="Value" value="2" varType="3" description=""/>
                    <param name="TerminateLoopByClick" value="True" varType="11" description=""/>
                  </command>
                </target>
              </behaviour>
            </event>
          </events>
        </entry>
      </interactiveData>
      <font family="%E5%BE%AE%E8%BD%AF%E9%9B%85%E9%BB%91" displayName="%E5%BE%AE%E8%BD%AF%E9%9B%85%E9%BB%91" postScript="" weightStyle="Regular" weight="400" isBold="False" isItalic="False"/>
      <text>News</text>
      <textSize>18</textSize>
      <useDefaultTextSize>False</useDefaultTextSize>
      <selectedIndex>-1</selectedIndex>
    </control>
    <control controlID="BD41B8BF-4A27-44A9-A951-EFA37CB3FDBE" controlTypeID="Shape" x="403" y="0" w="108" h="54" zOrder="16">
      <color>4294954086</color>
      <borderVisible>False</borderVisible>
      <links eventType="AtClick" animate="AmNone" animateAutoDelay="0" animateDuration="500">
        <link targetPageID="1A622BC5-3642-413D-AD0C-053CCF1B3636" linkType="ltPageLink" isApplyIncludePage="False" title="Accessibility">
          <area shape="0" alt="" ID="{84616365-0ED8-4856-A916-6EFC338577F8}" coords="(0,0,108,54)"/>
        </link>
      </links>
      <font family="%E5%BE%AE%E8%BD%AF%E9%9B%85%E9%BB%91" displayName="%E5%BE%AE%E8%BD%AF%E9%9B%85%E9%BB%91" postScript="" weightStyle="Regular" weight="400" isBold="False" isItalic="False"/>
      <text>Accessibility</text>
      <textSize>18</textSize>
      <useDefaultTextSize>False</useDefaultTextSize>
      <selectedIndex>-1</selectedIndex>
    </control>
    <control controlID="9251D80F-14CD-4549-A2B1-0183C3380ED7" controlTypeID="Shape" x="511" y="0" w="108" h="54" zOrder="17">
      <color>4294954086</color>
      <borderVisible>False</borderVisible>
      <interactiveData>
        <entry title="">
          <area shape="0" alt="" ID="{CA899671-2942-4ED8-B6AC-1EF61A6A1A7C}" coords="(0,0,108,54)"/>
          <events title="">
            <event eventType="atClick" isChecked="True">
              <behaviour title="" isChecked="True" isWait="False" isLoop="False" execMode="emParallel">
                <target targetID="7D80DBDD-5240-44D6-81CB-9D69A2C38A7C" isChecked="True" isAutoRecovery="False" isLoop="False" execMode="emSequence">
                  <command name="Change Visibility" isChecked="True" descrition="">
                    <param name="AniInterpolation" value="1" varType="3" description=""/>
                    <param name="AniDuration" value="200" varType="3" description=""/>
                    <param name="AniAutoReverse" value="False" varType="11" description=""/>
                    <param name="AniLoop" value="False" varType="11" description=""/>
                    <param name="AniInterpolationTypeOut" value="False" varType="11" description=""/>
                    <param name="Delay" value="0" varType="3" description=""/>
                    <param name="ValueFromCurrent" value="True" varType="11" description=""/>
                    <param name="ForceFromInitValue" value="False" varType="11" description=""/>
                    <param name="ForceSetVisible" value="False" varType="11" description=""/>
                    <param name="Value" value="2" varType="3" description=""/>
                    <param name="TerminateLoopByClick" value="True" varType="11" description=""/>
                  </command>
                </target>
              </behaviour>
            </event>
          </events>
        </entry>
      </interactiveData>
      <font family="%E5%BE%AE%E8%BD%AF%E9%9B%85%E9%BB%91" displayName="%E5%BE%AE%E8%BD%AF%E9%9B%85%E9%BB%91" postScript="" weightStyle="Regular" weight="400" isBold="False" isItalic="False"/>
      <text>More</text>
      <textSize>18</textSize>
      <useDefaultTextSize>False</useDefaultTextSize>
      <selectedIndex>-1</selectedIndex>
    </control>
    <control controlID="F1981BC7-94D4-4C5C-B71C-B72CCD9EA3D5" controlTypeID="Search" x="639" y="10" w="228" h="35" zOrder="18">
      <font family="%E5%BE%AE%E8%BD%AF%E9%9B%85%E9%BB%91" displayName="%E5%BE%AE%E8%BD%AF%E9%9B%85%E9%BB%91" postScript="" weightStyle="Regular" weight="400" isBold="False" isItalic="False"/>
      <textSize>14</textSize>
      <textVAlign>VaTop</textVAlign>
      <lineSpacing>0</lineSpacing>
      <selectedIndex>-1</selectedIndex>
    </control>
    <control controlID="52F2912F-7056-4A85-AF52-CE64024963B8" controlTypeID="AvatarEx2" x="882" y="5" w="45" h="45" zOrder="19">
      <borderColor>4294033970</borderColor>
      <links eventType="AtClick" animate="AmNone" animateAutoDelay="0" animateDuration="500">
        <link targetPageID="77835173-852F-44CE-A06E-EC26B3F6FFCE" linkType="ltPageLink" isApplyIncludePage="False" title="%E4%B8%AA%E4%BA%BA%E4%B8%AD%E5%BF%83">
          <area shape="0" alt="" ID="{3EB7A924-6D43-4503-85A2-22A0629D0077}" coords="(0,0,45,45)"/>
        </link>
      </links>
      <icon>
        <ID/>
        <iconFontName>jdiconfontB</iconFontName>
        <iconCode>59652</iconCode>
      </icon>
      <URL>467605F5F90D9FF65132C1A6EF883F26.svg</URL>
    </control>
    <control controlID="FA9E92D9-D8F1-42F3-8F7D-3236A0C02A7B" controlTypeID="Button" x="632" y="618" w="113" h="53" zOrder="20">
      <links eventType="AtClick" animate="AmNone" animateAutoDelay="0" animateDuration="500">
        <link targetPageID="1D6B670A-4FA1-4398-B534-00208812746B" linkType="ltPageLink" isApplyIncludePage="False" title="%E7%99%BB%E9%99%86">
          <area shape="0" alt="" ID="{6CB3F886-9DCE-469B-A71D-2ED81FB1E7E7}" coords="(0,0,113,53)"/>
        </link>
      </links>
      <font family="%E5%BE%AE%E8%BD%AF%E9%9B%85%E9%BB%91" displayName="%E5%BE%AE%E8%BD%AF%E9%9B%85%E9%BB%91" postScript="" weightStyle="Regular" weight="400" isBold="False" isItalic="False"/>
      <text>Login</text>
      <textColor>4288256256</textColor>
      <textSize>24</textSize>
      <lineSpacing>0</lineSpacing>
      <useDefaultTextSize>False</useDefaultTextSize>
      <selectedIndex>-1</selectedIndex>
      <radius>4</radius>
    </control>
    <control controlID="69837F9F-5912-49A3-B72C-875B3BCFF0A2" controlTypeID="TextInput" x="0" y="0" w="197" h="50" zOrder="21">
      <color>4294954086</color>
      <borderVisible>False</borderVisible>
      <font family="%E5%BE%AE%E8%BD%AF%E9%9B%85%E9%BB%91" displayName="%E5%BE%AE%E8%BD%AF%E9%9B%85%E9%BB%91+Bold" postScript="" weightStyle="Bold" weight="700" isBold="True" isItalic="False"/>
      <text>Date%3A2018%2F12%2F18</text>
      <textSize>18</textSize>
      <textAlign>HaCenter</textAlign>
      <lineSpacing>0</lineSpacing>
      <textStyles>[fsBold]</textStyles>
      <useDefaultTextSize>False</useDefaultTextSize>
      <selectedIndex>-1</selectedIndex>
    </control>
    <control controlID="B60FABE5-7DB2-41B2-8FB0-14A73BD05199" controlTypeID="AvatarEx2" x="951" y="5" w="33" h="33" zOrder="22">
      <borderColor>4294033970</borderColor>
      <icon>
        <ID/>
        <iconFontName>jdiconfontB</iconFontName>
        <iconCode>59652</iconCode>
      </icon>
      <URL>467605F5F90D9FF65132C1A6EF883F26.svg</URL>
    </control>
    <control controlID="238F509E-0133-463C-9AE5-D554149E0C25" controlTypeID="Shape" x="1007" y="2" w="82" h="47" zOrder="23">
      <caption>register</caption>
      <color>4294954086</color>
      <borderVisible>False</borderVisible>
      <links eventType="AtClick" animate="AmNone" animateAutoDelay="0" animateDuration="500">
        <link targetPageID="1D6B670A-4FA1-4398-B534-00208812746B" linkType="ltPageLink" isApplyIncludePage="False" title="%E7%99%BB%E9%99%86">
          <area shape="0" alt="" ID="{E7484BD4-DFEA-49A5-AC3F-B507DCA1692E}" coords="(0,0,82,47)"/>
        </link>
      </links>
      <font family="%E5%BE%AE%E8%BD%AF%E9%9B%85%E9%BB%91" displayName="%E5%BE%AE%E8%BD%AF%E9%9B%85%E9%BB%91" postScript="" weightStyle="Regular" weight="400" isBold="False" isItalic="False"/>
      <text>Register</text>
      <textSize>18</textSize>
      <useDefaultTextSize>False</useDefaultTextSize>
      <selectedIndex>-1</selectedIndex>
    </control>
    <control controlID="0CC1FE3D-D203-4715-AF32-71AF0E3ECAB3" controlTypeID="Shape" x="933" y="2" w="82" h="47" zOrder="24">
      <caption>Login</caption>
      <color>4294954086</color>
      <borderVisible>False</borderVisible>
      <links eventType="AtClick" animate="AmNone" animateAutoDelay="0" animateDuration="500">
        <link targetPageID="1D6B670A-4FA1-4398-B534-00208812746B" linkType="ltPageLink" isApplyIncludePage="False" title="%E7%99%BB%E9%99%86">
          <area shape="0" alt="" ID="{DCF84791-0FB4-4169-AB32-C3991295B2D3}" coords="(0,0,82,47)"/>
        </link>
      </links>
      <font family="%E5%BE%AE%E8%BD%AF%E9%9B%85%E9%BB%91" displayName="%E5%BE%AE%E8%BD%AF%E9%9B%85%E9%BB%91" postScript="" weightStyle="Regular" weight="400" isBold="False" isItalic="False"/>
      <text>Login</text>
      <textSize>18</textSize>
      <useDefaultTextSize>False</useDefaultTextSize>
      <selectedIndex>-1</selectedIndex>
    </control>
    <control controlID="6E6BF647-9A37-428E-9209-12EC7B2D6A95" controlTypeID="List" x="259" y="50" w="168" h="252" zOrder="25">
      <isShow>False</isShow>
      <color>4294954086</color>
      <borderVisible>False</borderVisible>
      <links eventType="AtClick" animate="AmNone" animateAutoDelay="0" animateDuration="500">
        <link targetPageID="EF538E16-EF42-4721-A8F7-09E90520BB10" linkType="ltPageLink" isApplyIncludePage="False" title="World">
          <area shape="0" alt="" ID="{F92D3D7D-DD6D-4DF8-9985-EB5AA538C568}" coords="(1,1,167,26)"/>
        </link>
        <link targetPageID="" linkType="ltPageLink" isApplyIncludePage="False" title="Asia">
          <area shape="0" alt="" ID="{425336C7-BBA1-4FE4-A82D-AB5D8CC21B50}" coords="(1,26,167,51)"/>
        </link>
        <link targetPageID="" linkType="ltPageLink" isApplyIncludePage="False" title="Business">
          <area shape="0" alt="" ID="{33001601-FD58-4E4F-9A10-0A638F1AD6AA}" coords="(1,51,167,76)"/>
        </link>
      </links>
      <font family="%E5%BE%AE%E8%BD%AF%E9%9B%85%E9%BB%91" displayName="%E5%BE%AE%E8%BD%AF%E9%9B%85%E9%BB%91" postScript="" weightStyle="Regular" weight="400" isBold="False" isItalic="False"/>
      <text>World%0D%0AAsia%0D%0ABusiness%0D%0A</text>
      <textSize>14</textSize>
      <textAlign>HaCenter</textAlign>
      <lineSpacing>0</lineSpacing>
    </control>
    <control controlID="7D80DBDD-5240-44D6-81CB-9D69A2C38A7C" controlTypeID="List" x="482" y="50" w="168" h="252" zOrder="26">
      <isShow>False</isShow>
      <color>4294954086</color>
      <borderVisible>False</borderVisible>
      <font family="%E5%BE%AE%E8%BD%AF%E9%9B%85%E9%BB%91" displayName="%E5%BE%AE%E8%BD%AF%E9%9B%85%E9%BB%91" postScript="" weightStyle="Regular" weight="400" isBold="False" isItalic="False"/>
      <text>Sounds%0D%0ATV%0D%0ARadio%0D%0A</text>
      <textSize>14</textSize>
      <textAlign>HaCenter</textAlign>
      <lineSpacing>0</lineSpacing>
    </control>
  </controls>
  <param>
    <backgroundColor>4294967295</backgroundColor>
    <fontSize>14</fontSize>
    <fontFamily>%E5%BE%AE%E8%BD%AF%E9%9B%85%E9%BB%91</fontFamily>
    <guideLines/>
  </param>
</mockup>