﻿<mockup version="5.3" minAllowVersion="5.3" ID="EF538E16-EF42-4721-A8F7-09E90520BB10" platform="MtWeb" defaultW="1100" defaultH="6000" measureW="1100" measureH="2700" mobileScreenScale="0">
  <controls controlCount="111">
    <control controlID="1734F6C8-FB1D-4E9B-8222-AF9BA41231BB" controlTypeID="Shape" x="0" y="0" w="1100" h="54" zOrder="0">
      <color>4294954086</color>
      <borderColor>4292730333</borderColor>
      <font family="%E5%BE%AE%E8%BD%AF%E9%9B%85%E9%BB%91" displayName="%E5%BE%AE%E8%BD%AF%E9%9B%85%E9%BB%91" postScript="" weightStyle="Regular" weight="400" isBold="False" isItalic="False"/>
      <textSize>14</textSize>
      <selectedIndex>-1</selectedIndex>
    </control>
    <control controlID="114946A2-10F2-441B-ADDD-BD06B6FEADDE" controlTypeID="Shape" x="111" y="0" w="108" h="54" zOrder="1">
      <color>4294954086</color>
      <borderVisible>False</borderVisible>
      <links eventType="AtClick" animate="AmNone" animateAutoDelay="0" animateDuration="500">
        <link targetPageID="FFCF20B9-7DF9-499E-A761-1E43C158F017" linkType="ltPageLink" isApplyIncludePage="False" title="Home">
          <area shape="0" alt="" ID="{CD51E09C-97EA-462A-AAA7-5ED57C67EE13}" coords="(0,0,108,54)"/>
        </link>
      </links>
      <font family="%E5%BE%AE%E8%BD%AF%E9%9B%85%E9%BB%91" displayName="%E5%BE%AE%E8%BD%AF%E9%9B%85%E9%BB%91" postScript="" weightStyle="Regular" weight="400" isBold="False" isItalic="False"/>
      <text>Home</text>
      <textSize>18</textSize>
      <useDefaultTextSize>False</useDefaultTextSize>
      <selectedIndex>-1</selectedIndex>
    </control>
    <control controlID="F0A3D3D7-17DB-4770-AC43-30071EBCFD53" controlTypeID="Shape" x="219" y="0" w="108" h="54" zOrder="2">
      <color>4294954086</color>
      <borderVisible>False</borderVisible>
      <interactiveData>
        <entry title="">
          <area shape="0" alt="" ID="{793C67A6-0693-4506-942F-3139751E41FF}" coords="(0,0,108,54)"/>
          <events title="">
            <event eventType="atClick" isChecked="True">
              <behaviour title="" isChecked="True" isWait="False" isLoop="False" execMode="emParallel">
                <target targetID="16077146-DADC-4CAD-9DCE-46492ABA3766" isChecked="True" isAutoRecovery="False" isLoop="False" execMode="emSequence">
                  <command name="Change Visibility" isChecked="True" descrition="">
                    <param name="AniInterpolation" value="1" varType="3" description=""/>
                    <param name="AniDuration" value="200" varType="3" description=""/>
                    <param name="AniAutoReverse" value="False" varType="11" description=""/>
                    <param name="AniLoop" value="False" varType="11" description=""/>
                    <param name="AniInterpolationTypeOut" value="False" varType="11" description=""/>
                    <param name="Delay" value="0" varType="3" description=""/>
                    <param name="ValueFromCurrent" value="True" varType="11" description=""/>
                    <param name="ForceFromInitValue" value="False" varType="11" description=""/>
                    <param name="ForceSetVisible" value="False" varType="11" description=""/>
                    <param name="Value" value="2" varType="3" description=""/>
                    <param name="TerminateLoopByClick" value="True" varType="11" description=""/>
                  </command>
                </target>
              </behaviour>
            </event>
          </events>
        </entry>
      </interactiveData>
      <font family="%E5%BE%AE%E8%BD%AF%E9%9B%85%E9%BB%91" displayName="%E5%BE%AE%E8%BD%AF%E9%9B%85%E9%BB%91" postScript="" weightStyle="Regular" weight="400" isBold="False" isItalic="False"/>
      <text>News</text>
      <textSize>18</textSize>
      <useDefaultTextSize>False</useDefaultTextSize>
      <selectedIndex>-1</selectedIndex>
    </control>
    <control controlID="49B6D224-B477-4C90-92C7-533404665144" controlTypeID="Shape" x="327" y="0" w="108" h="54" zOrder="3">
      <color>4294954086</color>
      <borderVisible>False</borderVisible>
      <links eventType="AtClick" animate="AmNone" animateAutoDelay="0" animateDuration="500">
        <link targetPageID="1A622BC5-3642-413D-AD0C-053CCF1B3636" linkType="ltPageLink" isApplyIncludePage="False" title="Accessibility">
          <area shape="0" alt="" ID="{7774E1C8-2F92-4026-AE28-17B450F9664D}" coords="(0,0,108,54)"/>
        </link>
      </links>
      <font family="%E5%BE%AE%E8%BD%AF%E9%9B%85%E9%BB%91" displayName="%E5%BE%AE%E8%BD%AF%E9%9B%85%E9%BB%91" postScript="" weightStyle="Regular" weight="400" isBold="False" isItalic="False"/>
      <text>Accessibility</text>
      <textSize>18</textSize>
      <useDefaultTextSize>False</useDefaultTextSize>
      <selectedIndex>-1</selectedIndex>
    </control>
    <control controlID="3AC429AB-3394-4249-B009-1F2600A8D526" controlTypeID="Shape" x="435" y="0" w="108" h="54" zOrder="4">
      <color>4294954086</color>
      <borderVisible>False</borderVisible>
      <interactiveData>
        <entry title="">
          <area shape="0" alt="" ID="{7779992A-8901-4BA5-94A1-134AA48A35AE}" coords="(0,0,108,54)"/>
          <events title="">
            <event eventType="atClick" isChecked="True">
              <behaviour title="" isChecked="True" isWait="False" isLoop="False" execMode="emParallel">
                <target targetID="A180601F-C617-407A-B195-1671A3C969ED" isChecked="True" isAutoRecovery="False" isLoop="False" execMode="emSequence">
                  <command name="Change Visibility" isChecked="True" descrition="">
                    <param name="AniInterpolation" value="1" varType="3" description=""/>
                    <param name="AniDuration" value="200" varType="3" description=""/>
                    <param name="AniAutoReverse" value="False" varType="11" description=""/>
                    <param name="AniLoop" value="False" varType="11" description=""/>
                    <param name="AniInterpolationTypeOut" value="False" varType="11" description=""/>
                    <param name="Delay" value="0" varType="3" description=""/>
                    <param name="ValueFromCurrent" value="True" varType="11" description=""/>
                    <param name="ForceFromInitValue" value="False" varType="11" description=""/>
                    <param name="ForceSetVisible" value="False" varType="11" description=""/>
                    <param name="Value" value="2" varType="3" description=""/>
                    <param name="TerminateLoopByClick" value="True" varType="11" description=""/>
                  </command>
                </target>
              </behaviour>
            </event>
          </events>
        </entry>
      </interactiveData>
      <font family="%E5%BE%AE%E8%BD%AF%E9%9B%85%E9%BB%91" displayName="%E5%BE%AE%E8%BD%AF%E9%9B%85%E9%BB%91" postScript="" weightStyle="Regular" weight="400" isBold="False" isItalic="False"/>
      <text>More</text>
      <textSize>18</textSize>
      <useDefaultTextSize>False</useDefaultTextSize>
      <selectedIndex>-1</selectedIndex>
    </control>
    <control controlID="CDA53A19-D3F2-48E8-989C-60F1A8D4C570" controlTypeID="Search" x="563" y="10" w="228" h="35" zOrder="5">
      <links eventType="AtClick" animate="AmNone" animateAutoDelay="0" animateDuration="500">
        <link targetPageID="5AF0D781-1C69-4FD1-AC90-D6CB9AB4BF0D" linkType="ltPageLink" isApplyIncludePage="False" title="Search">
          <area shape="0" alt="" ID="{F525619E-C538-4467-9407-FC2F85027D51}" coords="(0,0,228,35)"/>
        </link>
      </links>
      <font family="%E5%BE%AE%E8%BD%AF%E9%9B%85%E9%BB%91" displayName="%E5%BE%AE%E8%BD%AF%E9%9B%85%E9%BB%91" postScript="" weightStyle="Regular" weight="400" isBold="False" isItalic="False"/>
      <textSize>14</textSize>
      <textVAlign>VaTop</textVAlign>
      <lineSpacing>0</lineSpacing>
      <selectedIndex>-1</selectedIndex>
    </control>
    <control controlID="DA1A7D26-4F2D-452B-B176-0A04CDCB691D" controlTypeID="AvatarEx2" x="806" y="5" w="45" h="45" zOrder="6">
      <borderColor>4294033970</borderColor>
      <icon>
        <ID/>
        <iconFontName>jdiconfontB</iconFontName>
        <iconCode>59652</iconCode>
      </icon>
      <URL>467605F5F90D9FF65132C1A6EF883F26.svg</URL>
    </control>
    <control controlID="EBA49FDB-917C-4BA9-899E-B1FADFB31B27" controlTypeID="Shape" x="31" y="168" w="249" h="116" zOrder="7">
      <borderVisible>False</borderVisible>
      <font family="%E5%BE%AE%E8%BD%AF%E9%9B%85%E9%BB%91" displayName="%E5%BE%AE%E8%BD%AF%E9%9B%85%E9%BB%91+Bold" postScript="" weightStyle="Bold" weight="700" isBold="True" isItalic="False"/>
      <text>Future+steps+outlined+at+climate+change+gathering</text>
      <textSize>20</textSize>
      <textStyles>[fsBold]</textStyles>
      <useDefaultTextSize>False</useDefaultTextSize>
      <selectedIndex>-1</selectedIndex>
    </control>
    <control controlID="52B44A2D-A9C7-4827-B14E-F67F4C0CD132" controlTypeID="Shape" x="31" y="268" w="249" h="188" zOrder="8">
      <borderVisible>False</borderVisible>
      <font family="%E5%BE%AE%E8%BD%AF%E9%9B%85%E9%BB%91" displayName="%E5%BE%AE%E8%BD%AF%E9%9B%85%E9%BB%91" postScript="" weightStyle="Regular" weight="400" isBold="False" isItalic="False"/>
      <text>After+two+weeks+of+heated+discussions+in+Katowice%2C+Poland%2C+negotiators+from+about+200+countries+on+Saturday+agreed+on+universal+and+transparent+rules+that+will+govern+future+efforts+to+tackle+climate+change.</text>
      <textSize>16</textSize>
      <useDefaultTextSize>False</useDefaultTextSize>
      <selectedIndex>-1</selectedIndex>
    </control>
    <control controlID="BDFA3F2A-2EBD-437E-B6A3-F8D7C42CED2E" controlTypeID="Image" x="290" y="168" w="484" h="302" zOrder="9">
      <URL>D6B22B9D60CB1178889DF0DFDAF2F5C0.png</URL>
    </control>
    <control controlID="C2AEDF78-D0F7-452B-8E2D-18CA4AC7F6B6" controlTypeID="Line" x="31" y="480" w="739" h="2" zOrder="10">
      <font family="%E5%BE%AE%E8%BD%AF%E9%9B%85%E9%BB%91" displayName="%E5%BE%AE%E8%BD%AF%E9%9B%85%E9%BB%91" postScript="" weightStyle="Regular" weight="400" isBold="False" isItalic="False"/>
      <textSize>14</textSize>
      <lineSpacing>0</lineSpacing>
      <selectedIndex>-1</selectedIndex>
      <controlPoint>(370,1)</controlPoint>
      <startPoint>(1,1)</startPoint>
      <endPoint>(739,1)</endPoint>
    </control>
    <control controlID="1861B815-8568-4CB2-BEF7-1E74570F1E79" controlTypeID="Line" x="251" y="490" w="2" h="349" zOrder="11">
      <font family="%E5%BE%AE%E8%BD%AF%E9%9B%85%E9%BB%91" displayName="%E5%BE%AE%E8%BD%AF%E9%9B%85%E9%BB%91" postScript="" weightStyle="Regular" weight="400" isBold="False" isItalic="False"/>
      <textSize>14</textSize>
      <lineSpacing>0</lineSpacing>
      <selectedIndex>-1</selectedIndex>
      <controlPoint>(1,175)</controlPoint>
      <startPoint>(1,1)</startPoint>
      <endPoint>(1,349)</endPoint>
    </control>
    <control controlID="E5EECC81-16EE-402D-B6C8-268261F42BFE" controlTypeID="Line" x="512" y="490" w="2" h="349" zOrder="12">
      <font family="%E5%BE%AE%E8%BD%AF%E9%9B%85%E9%BB%91" displayName="%E5%BE%AE%E8%BD%AF%E9%9B%85%E9%BB%91" postScript="" weightStyle="Regular" weight="400" isBold="False" isItalic="False"/>
      <textSize>14</textSize>
      <lineSpacing>0</lineSpacing>
      <selectedIndex>-1</selectedIndex>
      <controlPoint>(1,175)</controlPoint>
      <startPoint>(1,1)</startPoint>
      <endPoint>(1,349)</endPoint>
    </control>
    <control controlID="15A7A40D-C4E7-419F-8228-562089874D9D" controlTypeID="Image" x="31" y="491" w="200" h="151" zOrder="13">
      <URL>F35FF22EBD59F2CB10A61012F3234F7A.png</URL>
    </control>
    <control controlID="754C1FD6-7F36-476D-A18C-5A51D4EF1DFF" controlTypeID="TextArea" x="31" y="645" w="200" h="74" zOrder="14">
      <font family="%E5%BE%AE%E8%BD%AF%E9%9B%85%E9%BB%91" displayName="%E5%BE%AE%E8%BD%AF%E9%9B%85%E9%BB%91+Bold" postScript="" weightStyle="Bold" weight="700" isBold="True" isItalic="False"/>
      <text>May+aims+to+rescue+Brexit+plan%3B+EU+says+ball's+in+UK's</text>
      <textSize>18</textSize>
      <textAlign>HaCenter</textAlign>
      <textStyles>[fsBold]</textStyles>
      <useDefaultTextSize>False</useDefaultTextSize>
      <selectedIndex>-1</selectedIndex>
    </control>
    <control controlID="D886866E-0943-46DD-B6E0-832A7A8AC080" controlTypeID="Image" x="267" y="491" w="226" h="151" zOrder="15">
      <URL>4A5F70B00FA83A5A7D73327221BDCF74.png</URL>
    </control>
    <control controlID="42C27A1D-E91E-471F-A0EF-92AA619A45C2" controlTypeID="Shape" x="810" y="947" w="96" h="96" zOrder="16">
      <font family="%E5%BE%AE%E8%BD%AF%E9%9B%85%E9%BB%91" displayName="%E5%BE%AE%E8%BD%AF%E9%9B%85%E9%BB%91" postScript="" weightStyle="Regular" weight="400" isBold="False" isItalic="False"/>
      <textSize>14</textSize>
      <selectedIndex>-1</selectedIndex>
    </control>
    <control controlID="EEE6566D-25C5-4FCC-803B-88408E9D79CD" controlTypeID="Image" x="532" y="491" w="242" h="161" zOrder="17">
      <URL>D38A1C2CB25E5E60EA7B9761839010EB.png</URL>
    </control>
    <control controlID="9B98F6D8-301B-4304-823A-3C6CB5B0555C" controlTypeID="Shape" x="916" y="951" w="164" h="27" zOrder="18">
      <font family="%E5%BE%AE%E8%BD%AF%E9%9B%85%E9%BB%91" displayName="%E5%BE%AE%E8%BD%AF%E9%9B%85%E9%BB%91" postScript="" weightStyle="Regular" weight="400" isBold="False" isItalic="False"/>
      <textSize>14</textSize>
      <selectedIndex>-1</selectedIndex>
    </control>
    <control controlID="0DB8680C-1D03-4699-BEF4-15ED38A3CAC4" controlTypeID="Shape" x="916" y="988" w="164" h="55" zOrder="19">
      <font family="%E5%BE%AE%E8%BD%AF%E9%9B%85%E9%BB%91" displayName="%E5%BE%AE%E8%BD%AF%E9%9B%85%E9%BB%91" postScript="" weightStyle="Regular" weight="400" isBold="False" isItalic="False"/>
      <textSize>14</textSize>
      <selectedIndex>-1</selectedIndex>
    </control>
    <control controlID="D7ED2231-7AC6-4F38-9B12-2B048702233A" controlTypeID="Shape" x="810" y="1078" w="96" h="96" zOrder="20">
      <font family="%E5%BE%AE%E8%BD%AF%E9%9B%85%E9%BB%91" displayName="%E5%BE%AE%E8%BD%AF%E9%9B%85%E9%BB%91" postScript="" weightStyle="Regular" weight="400" isBold="False" isItalic="False"/>
      <textSize>14</textSize>
      <selectedIndex>-1</selectedIndex>
    </control>
    <control controlID="C76150AC-B314-4D0B-B154-6F0896158E88" controlTypeID="Shape" x="916" y="1082" w="164" h="27" zOrder="21">
      <font family="%E5%BE%AE%E8%BD%AF%E9%9B%85%E9%BB%91" displayName="%E5%BE%AE%E8%BD%AF%E9%9B%85%E9%BB%91" postScript="" weightStyle="Regular" weight="400" isBold="False" isItalic="False"/>
      <textSize>14</textSize>
      <selectedIndex>-1</selectedIndex>
    </control>
    <control controlID="BA576F0F-2F82-4CAA-A2AE-01942D54E3CE" controlTypeID="Shape" x="916" y="1119" w="164" h="55" zOrder="22">
      <font family="%E5%BE%AE%E8%BD%AF%E9%9B%85%E9%BB%91" displayName="%E5%BE%AE%E8%BD%AF%E9%9B%85%E9%BB%91" postScript="" weightStyle="Regular" weight="400" isBold="False" isItalic="False"/>
      <textSize>14</textSize>
      <selectedIndex>-1</selectedIndex>
    </control>
    <control controlID="F784E607-C873-4B25-A0DC-EEE3FA960699" controlTypeID="Shape" x="810" y="1214" w="96" h="96" zOrder="23">
      <font family="%E5%BE%AE%E8%BD%AF%E9%9B%85%E9%BB%91" displayName="%E5%BE%AE%E8%BD%AF%E9%9B%85%E9%BB%91" postScript="" weightStyle="Regular" weight="400" isBold="False" isItalic="False"/>
      <textSize>14</textSize>
      <selectedIndex>-1</selectedIndex>
    </control>
    <control controlID="485EA12E-9049-40DE-99F6-6134E0E74181" controlTypeID="Shape" x="916" y="1218" w="164" h="27" zOrder="24">
      <font family="%E5%BE%AE%E8%BD%AF%E9%9B%85%E9%BB%91" displayName="%E5%BE%AE%E8%BD%AF%E9%9B%85%E9%BB%91" postScript="" weightStyle="Regular" weight="400" isBold="False" isItalic="False"/>
      <textSize>14</textSize>
      <selectedIndex>-1</selectedIndex>
    </control>
    <control controlID="3B64B6CE-56A1-4C20-915C-A93F674D949B" controlTypeID="Shape" x="916" y="1255" w="164" h="55" zOrder="25">
      <font family="%E5%BE%AE%E8%BD%AF%E9%9B%85%E9%BB%91" displayName="%E5%BE%AE%E8%BD%AF%E9%9B%85%E9%BB%91" postScript="" weightStyle="Regular" weight="400" isBold="False" isItalic="False"/>
      <textSize>14</textSize>
      <selectedIndex>-1</selectedIndex>
    </control>
    <control controlID="9B3CADB0-27FA-4116-884C-10B7B657F3C5" controlTypeID="Shape" x="810" y="1354" w="96" h="96" zOrder="26">
      <font family="%E5%BE%AE%E8%BD%AF%E9%9B%85%E9%BB%91" displayName="%E5%BE%AE%E8%BD%AF%E9%9B%85%E9%BB%91" postScript="" weightStyle="Regular" weight="400" isBold="False" isItalic="False"/>
      <textSize>14</textSize>
      <selectedIndex>-1</selectedIndex>
    </control>
    <control controlID="9752C993-E86F-481F-A1FF-2C45950B5143" controlTypeID="Shape" x="916" y="1358" w="164" h="27" zOrder="27">
      <font family="%E5%BE%AE%E8%BD%AF%E9%9B%85%E9%BB%91" displayName="%E5%BE%AE%E8%BD%AF%E9%9B%85%E9%BB%91" postScript="" weightStyle="Regular" weight="400" isBold="False" isItalic="False"/>
      <textSize>14</textSize>
      <selectedIndex>-1</selectedIndex>
    </control>
    <control controlID="3AE22A39-E395-4E58-9119-00A0AA949FA3" controlTypeID="Shape" x="916" y="1395" w="164" h="55" zOrder="28">
      <font family="%E5%BE%AE%E8%BD%AF%E9%9B%85%E9%BB%91" displayName="%E5%BE%AE%E8%BD%AF%E9%9B%85%E9%BB%91" postScript="" weightStyle="Regular" weight="400" isBold="False" isItalic="False"/>
      <textSize>14</textSize>
      <selectedIndex>-1</selectedIndex>
    </control>
    <control controlID="3B3AC79C-02AB-4FC0-BCCC-C217B5D63587" controlTypeID="ImageCarousel" x="791" y="168" w="289" h="484" zOrder="29">
      <groupChildrenDescriptors/>
    </control>
    <control controlID="3AD4C9F6-ACFB-4184-8A07-685D4C4DF8F0" controlTypeID="TextArea" x="31" y="729" w="200" h="85" zOrder="30">
      <font family="%E5%BE%AE%E8%BD%AF%E9%9B%85%E9%BB%91" displayName="%E5%BE%AE%E8%BD%AF%E9%9B%85%E9%BB%91" postScript="" weightStyle="Regular" weight="400" isBold="False" isItalic="False"/>
      <text>BRUSSELS++%E2%80%94+British+Prime+Minister+Theresa+May+launched+a+rescue+mission+for+her+ailing+Brexit+deal+Friday</text>
      <selectedIndex>-1</selectedIndex>
    </control>
    <control controlID="778557B0-68CB-4EAF-9246-86F8D7FE079E" controlTypeID="Shape" x="31" y="814" w="200" h="43" zOrder="31">
      <borderVisible>False</borderVisible>
      <font family="%E5%BE%AE%E8%BD%AF%E9%9B%85%E9%BB%91" displayName="%E5%BE%AE%E8%BD%AF%E9%9B%85%E9%BB%91" postScript="" weightStyle="Regular" weight="400" isBold="False" isItalic="False"/>
      <textSize>14</textSize>
      <selectedIndex>-1</selectedIndex>
    </control>
    <control controlID="A0865F99-BFCC-452F-BFDF-1492112738A1" controlTypeID="TextArea" x="532" y="662" w="238" h="67" zOrder="32">
      <font family="%E5%BE%AE%E8%BD%AF%E9%9B%85%E9%BB%91" displayName="%E5%BE%AE%E8%BD%AF%E9%9B%85%E9%BB%91+Bold" postScript="" weightStyle="Bold" weight="700" isBold="True" isItalic="False"/>
      <text>May+aims+to+rescue+Brexit+plan%3B+EU+says+ball's+in+UK's</text>
      <textSize>18</textSize>
      <textAlign>HaCenter</textAlign>
      <textStyles>[fsBold]</textStyles>
      <useDefaultTextSize>False</useDefaultTextSize>
      <selectedIndex>-1</selectedIndex>
    </control>
    <control controlID="CA685322-2715-48DC-B82C-7382C354B217" controlTypeID="TextArea" x="532" y="739" w="238" h="75" zOrder="33">
      <font family="%E5%BE%AE%E8%BD%AF%E9%9B%85%E9%BB%91" displayName="%E5%BE%AE%E8%BD%AF%E9%9B%85%E9%BB%91" postScript="" weightStyle="Regular" weight="400" isBold="False" isItalic="False"/>
      <text>BRUSSELS++%E2%80%94+British+Prime+Minister+Theresa+May+launched+a+rescue+mission+for+her+ailing+Brexit+deal+Friday</text>
      <selectedIndex>-1</selectedIndex>
    </control>
    <control controlID="13B69267-19AF-48C0-A18F-BF913F348436" controlTypeID="Shape" x="532" y="814" w="232" h="43" zOrder="34">
      <borderVisible>False</borderVisible>
      <font family="%E5%BE%AE%E8%BD%AF%E9%9B%85%E9%BB%91" displayName="%E5%BE%AE%E8%BD%AF%E9%9B%85%E9%BB%91" postScript="" weightStyle="Regular" weight="400" isBold="False" isItalic="False"/>
      <textSize>14</textSize>
      <selectedIndex>-1</selectedIndex>
    </control>
    <control controlID="1053D7BD-2587-4D6C-8693-411B99EF15D3" controlTypeID="Icon" x="31" y="827" w="18" h="18" zOrder="35">
      <color>4288256409</color>
      <icon>
        <ID/>
        <iconFontName>jdIonicons</iconFontName>
        <iconCode>62387</iconCode>
      </icon>
      <URL>0CCFED0BD1BC3BB4D610117937314139.svg</URL>
    </control>
    <control controlID="D849CF9B-0DD5-43AF-B884-F53007976EBA" controlTypeID="Label" x="55" y="826" w="46" h="19" zOrder="36">
      <color>16777215</color>
      <font family="%E5%BE%AE%E8%BD%AF%E9%9B%85%E9%BB%91" displayName="%E5%BE%AE%E8%BD%AF%E9%9B%85%E9%BB%91" postScript="" weightStyle="Regular" weight="400" isBold="False" isItalic="False"/>
      <text>2h+ago</text>
      <textColor>4281545523</textColor>
      <lineSpacing>0</lineSpacing>
      <selectedIndex>-1</selectedIndex>
    </control>
    <control controlID="BC5A5F53-FCCD-4F47-B059-D600143B4CC7" controlTypeID="Icon" x="532" y="827" w="18" h="18" zOrder="37">
      <color>4288256409</color>
      <icon>
        <ID/>
        <iconFontName>jdIonicons</iconFontName>
        <iconCode>62387</iconCode>
      </icon>
      <URL>0CCFED0BD1BC3BB4D610117937314139.svg</URL>
    </control>
    <control controlID="A9405FF3-A3A8-44F8-9398-6A9941AC1823" controlTypeID="Label" x="556" y="826" w="46" h="19" zOrder="38">
      <color>16777215</color>
      <font family="%E5%BE%AE%E8%BD%AF%E9%9B%85%E9%BB%91" displayName="%E5%BE%AE%E8%BD%AF%E9%9B%85%E9%BB%91" postScript="" weightStyle="Regular" weight="400" isBold="False" isItalic="False"/>
      <text>2h+ago</text>
      <textColor>4281545523</textColor>
      <lineSpacing>0</lineSpacing>
      <selectedIndex>-1</selectedIndex>
    </control>
    <control controlID="B478205B-81E3-4EAC-9264-4D8667EC3C3A" controlTypeID="Shape" x="262" y="818" w="200" h="43" zOrder="39">
      <borderVisible>False</borderVisible>
      <font family="%E5%BE%AE%E8%BD%AF%E9%9B%85%E9%BB%91" displayName="%E5%BE%AE%E8%BD%AF%E9%9B%85%E9%BB%91" postScript="" weightStyle="Regular" weight="400" isBold="False" isItalic="False"/>
      <textSize>14</textSize>
      <selectedIndex>-1</selectedIndex>
    </control>
    <control controlID="DBEF1FA7-B6E5-489E-AA45-2CF3A077A0FD" controlTypeID="Icon" x="267" y="827" w="18" h="18" zOrder="40">
      <color>4288256409</color>
      <icon>
        <ID/>
        <iconFontName>jdIonicons</iconFontName>
        <iconCode>62387</iconCode>
      </icon>
      <URL>0CCFED0BD1BC3BB4D610117937314139.svg</URL>
    </control>
    <control controlID="2310BFF3-956D-48F2-8164-FF321D4748B5" controlTypeID="Label" x="291" y="826" w="46" h="19" zOrder="41">
      <color>16777215</color>
      <font family="%E5%BE%AE%E8%BD%AF%E9%9B%85%E9%BB%91" displayName="%E5%BE%AE%E8%BD%AF%E9%9B%85%E9%BB%91" postScript="" weightStyle="Regular" weight="400" isBold="False" isItalic="False"/>
      <text>2h+ago</text>
      <textColor>4281545523</textColor>
      <lineSpacing>0</lineSpacing>
      <selectedIndex>-1</selectedIndex>
    </control>
    <control controlID="869FE568-95A9-4678-AA7C-CCEACBE1FC92" controlTypeID="TextArea" x="267" y="652" w="226" h="53" zOrder="42">
      <font family="%E5%BE%AE%E8%BD%AF%E9%9B%85%E9%BB%91" displayName="%E5%BE%AE%E8%BD%AF%E9%9B%85%E9%BB%91+Bold" postScript="" weightStyle="Bold" weight="700" isBold="True" isItalic="False"/>
      <text>US+Senate+hands+Trump+historic+rebuke+on+Saudi+Arabia</text>
      <textAlign>HaCenter</textAlign>
      <textStyles>[fsBold]</textStyles>
      <selectedIndex>-1</selectedIndex>
    </control>
    <control controlID="CBBFD401-0084-4922-AC8F-003EACDB7E63" controlTypeID="TextArea" x="267" y="705" w="226" h="111" zOrder="43">
      <font family="%E5%BE%AE%E8%BD%AF%E9%9B%85%E9%BB%91" displayName="%E5%BE%AE%E8%BD%AF%E9%9B%85%E9%BB%91" postScript="" weightStyle="Regular" weight="400" isBold="False" isItalic="False"/>
      <text>The+US+Senate+delivered+a+rare+double+rebuke+to+President+Donald+Trump+on+Saudi+Arabia+on+Thursday%2C+voting+to+end+US+military+support+for+the+war+in+Yemen+and+blame+the+Saudi+crown+prince+for+the+murder+of+journalist+Jamal+Khashoggi.</text>
      <selectedIndex>-1</selectedIndex>
    </control>
    <control controlID="7CF581C7-0603-4164-99CF-3FC90119B504" controlTypeID="Line" x="386" y="950" w="388" h="2" zOrder="44">
      <font family="%E5%BE%AE%E8%BD%AF%E9%9B%85%E9%BB%91" displayName="%E5%BE%AE%E8%BD%AF%E9%9B%85%E9%BB%91" postScript="" weightStyle="Regular" weight="400" isBold="False" isItalic="False"/>
      <textSize>14</textSize>
      <lineSpacing>0</lineSpacing>
      <selectedIndex>-1</selectedIndex>
      <controlPoint>(194,1)</controlPoint>
      <startPoint>(0,1)</startPoint>
      <endPoint>(388,1)</endPoint>
    </control>
    <control controlID="B705654D-2835-4500-ADA2-B68BCA128A9A" controlTypeID="TextArea" x="22" y="1962" w="346" h="52" zOrder="45">
      <states>
        <state propName="TextColor" stateType="state_mouseOver" isChecked="True" value="4279468193" varType="20"/>
      </states>
      <color>0</color>
      <font family="%E5%BE%AE%E8%BD%AF%E9%9B%85%E9%BB%91" displayName="%E5%BE%AE%E8%BD%AF%E9%9B%85%E9%BB%91+Bold" postScript="" weightStyle="Bold" weight="700" isBold="True" isItalic="False"/>
      <text>More+from+Our+News</text>
      <textColor>4281545523</textColor>
      <textSize>30</textSize>
      <textStyles>[fsBold]</textStyles>
      <useDefaultTextSize>False</useDefaultTextSize>
      <selectedIndex>-1</selectedIndex>
    </control>
    <control controlID="05A1DAC2-FBA9-4DEF-B757-5E20C5C63463" controlTypeID="Line" x="383" y="1992" w="687" h="2" zOrder="46">
      <font family="%E5%BE%AE%E8%BD%AF%E9%9B%85%E9%BB%91" displayName="%E5%BE%AE%E8%BD%AF%E9%9B%85%E9%BB%91" postScript="" weightStyle="Regular" weight="400" isBold="False" isItalic="False"/>
      <textSize>14</textSize>
      <lineSpacing>0</lineSpacing>
      <selectedIndex>-1</selectedIndex>
      <controlPoint>(344,1)</controlPoint>
      <startPoint>(1,1)</startPoint>
      <endPoint>(687,1)</endPoint>
    </control>
    <control controlID="1FC7A124-0557-4BCC-918E-4824BB4846F4" controlTypeID="Image" x="69" y="2024" w="137" h="175" zOrder="47">
      <opacity>0.5</opacity>
    </control>
    <control controlID="D0AEC5A6-3666-4FFE-A58E-A95CBD0CECDC" controlTypeID="Shape" x="205" y="2024" w="287" h="175" zOrder="48">
      <color>4293256677</color>
      <borderVisible>False</borderVisible>
      <font family="%E5%BE%AE%E8%BD%AF%E9%9B%85%E9%BB%91" displayName="%E5%BE%AE%E8%BD%AF%E9%9B%85%E9%BB%91" postScript="" weightStyle="Regular" weight="400" isBold="False" isItalic="False"/>
      <textSize>14</textSize>
      <selectedIndex>-1</selectedIndex>
    </control>
    <control controlID="8C57CD86-3852-462C-A37A-C07AAB726096" controlTypeID="TextArea" x="221" y="2053" w="266" h="81" zOrder="49">
      <states>
        <state propName="TextColor" stateType="state_mouseOver" isChecked="True" value="4279468193" varType="20"/>
      </states>
      <color>0</color>
      <font family="%E5%BE%AE%E8%BD%AF%E9%9B%85%E9%BB%91" displayName="%E5%BE%AE%E8%BD%AF%E9%9B%85%E9%BB%91+Bold" postScript="" weightStyle="Bold" weight="700" isBold="True" isItalic="False"/>
      <text>+Extra+security+at+West+Ham+v+Southampton+to+cost+taxpayer+%C2%A360K+</text>
      <textColor>4281545523</textColor>
      <textSize>18</textSize>
      <textStyles>[fsBold]</textStyles>
      <useDefaultTextSize>False</useDefaultTextSize>
      <selectedIndex>-1</selectedIndex>
    </control>
    <control controlID="824C0487-686C-46D4-9E85-C7D9BB6D856F" controlTypeID="TextArea" x="221" y="2147" w="266" h="27" zOrder="50">
      <states>
        <state propName="TextColor" stateType="state_mouseOver" isChecked="True" value="4279468193" varType="20"/>
      </states>
      <color>0</color>
      <font family="%E5%BE%AE%E8%BD%AF%E9%9B%85%E9%BB%91" displayName="%E5%BE%AE%E8%BD%AF%E9%9B%85%E9%BB%91+Bold" postScript="" weightStyle="Bold" weight="700" isBold="True" isItalic="False"/>
      <text>Business</text>
      <textColor>4288256409</textColor>
      <textSize>18</textSize>
      <textStyles>[fsBold]</textStyles>
      <useDefaultTextSize>False</useDefaultTextSize>
      <selectedIndex>-1</selectedIndex>
    </control>
    <control controlID="730C48A0-D257-4E7B-8780-BBB0087A59D6" controlTypeID="Image" x="0" y="2656" w="1100" h="54" zOrder="51">
      <URL>8F04C3D61ECADFB4FC68FE88C757FC62.png</URL>
    </control>
    <control controlID="32DCFAAB-0A5C-4590-9E83-BD8FFA24DADB" controlTypeID="Image" x="590" y="2024" w="137" h="175" zOrder="52">
      <opacity>0.5</opacity>
    </control>
    <control controlID="72FC7831-FAB0-48A3-BF08-12D1018C9C48" controlTypeID="Shape" x="726" y="2024" w="287" h="175" zOrder="53">
      <color>4293256677</color>
      <borderVisible>False</borderVisible>
      <font family="%E5%BE%AE%E8%BD%AF%E9%9B%85%E9%BB%91" displayName="%E5%BE%AE%E8%BD%AF%E9%9B%85%E9%BB%91" postScript="" weightStyle="Regular" weight="400" isBold="False" isItalic="False"/>
      <textSize>14</textSize>
      <selectedIndex>-1</selectedIndex>
    </control>
    <control controlID="44C0A289-B2BF-40F2-8B88-753C37FFABC8" controlTypeID="TextArea" x="742" y="2053" w="266" h="81" zOrder="54">
      <states>
        <state propName="TextColor" stateType="state_mouseOver" isChecked="True" value="4279468193" varType="20"/>
      </states>
      <color>0</color>
      <font family="%E5%BE%AE%E8%BD%AF%E9%9B%85%E9%BB%91" displayName="%E5%BE%AE%E8%BD%AF%E9%9B%85%E9%BB%91+Bold" postScript="" weightStyle="Bold" weight="700" isBold="True" isItalic="False"/>
      <text>+Extra+security+at+West+Ham+v+Southampton+to+cost+taxpayer+%C2%A360K+</text>
      <textColor>4281545523</textColor>
      <textSize>18</textSize>
      <textStyles>[fsBold]</textStyles>
      <useDefaultTextSize>False</useDefaultTextSize>
      <selectedIndex>-1</selectedIndex>
    </control>
    <control controlID="DFC51419-8207-41C9-90E1-D27F0D2F492D" controlTypeID="TextArea" x="742" y="2147" w="266" h="27" zOrder="55">
      <states>
        <state propName="TextColor" stateType="state_mouseOver" isChecked="True" value="4279468193" varType="20"/>
      </states>
      <color>0</color>
      <font family="%E5%BE%AE%E8%BD%AF%E9%9B%85%E9%BB%91" displayName="%E5%BE%AE%E8%BD%AF%E9%9B%85%E9%BB%91+Bold" postScript="" weightStyle="Bold" weight="700" isBold="True" isItalic="False"/>
      <text>Politics</text>
      <textColor>4288256409</textColor>
      <textSize>18</textSize>
      <textStyles>[fsBold]</textStyles>
      <useDefaultTextSize>False</useDefaultTextSize>
      <selectedIndex>-1</selectedIndex>
    </control>
    <control controlID="654E9EA4-C179-4C4B-8E5B-ABB8D762F650" controlTypeID="Image" x="69" y="2242" w="137" h="175" zOrder="56">
      <opacity>0.5</opacity>
    </control>
    <control controlID="F4CC8D2A-85A7-4759-AA32-D6DDB3F11DB8" controlTypeID="Shape" x="205" y="2242" w="287" h="175" zOrder="57">
      <color>4293256677</color>
      <borderVisible>False</borderVisible>
      <font family="%E5%BE%AE%E8%BD%AF%E9%9B%85%E9%BB%91" displayName="%E5%BE%AE%E8%BD%AF%E9%9B%85%E9%BB%91" postScript="" weightStyle="Regular" weight="400" isBold="False" isItalic="False"/>
      <textSize>14</textSize>
      <selectedIndex>-1</selectedIndex>
    </control>
    <control controlID="39B823B0-8A8B-427C-95E0-6A86AA9FE1DA" controlTypeID="TextArea" x="221" y="2271" w="266" h="81" zOrder="58">
      <states>
        <state propName="TextColor" stateType="state_mouseOver" isChecked="True" value="4279468193" varType="20"/>
      </states>
      <color>0</color>
      <font family="%E5%BE%AE%E8%BD%AF%E9%9B%85%E9%BB%91" displayName="%E5%BE%AE%E8%BD%AF%E9%9B%85%E9%BB%91+Bold" postScript="" weightStyle="Bold" weight="700" isBold="True" isItalic="False"/>
      <text>+Extra+security+at+West+Ham+v+Southampton+to+cost+taxpayer+%C2%A360K+</text>
      <textColor>4281545523</textColor>
      <textSize>18</textSize>
      <textStyles>[fsBold]</textStyles>
      <useDefaultTextSize>False</useDefaultTextSize>
      <selectedIndex>-1</selectedIndex>
    </control>
    <control controlID="5A589141-425A-4ECA-ABB2-D2C0F169D86E" controlTypeID="TextArea" x="221" y="2365" w="266" h="27" zOrder="59">
      <states>
        <state propName="TextColor" stateType="state_mouseOver" isChecked="True" value="4279468193" varType="20"/>
      </states>
      <color>0</color>
      <font family="%E5%BE%AE%E8%BD%AF%E9%9B%85%E9%BB%91" displayName="%E5%BE%AE%E8%BD%AF%E9%9B%85%E9%BB%91+Bold" postScript="" weightStyle="Bold" weight="700" isBold="True" isItalic="False"/>
      <text>Education</text>
      <textColor>4288256409</textColor>
      <textSize>18</textSize>
      <textStyles>[fsBold]</textStyles>
      <useDefaultTextSize>False</useDefaultTextSize>
      <selectedIndex>-1</selectedIndex>
    </control>
    <control controlID="54DBED83-DEB1-4F5F-A1FD-563D17D81BE2" controlTypeID="Image" x="590" y="2242" w="137" h="175" zOrder="60">
      <opacity>0.5</opacity>
    </control>
    <control controlID="F92E3C6F-4014-4A30-B40D-A83F42BD108C" controlTypeID="Shape" x="726" y="2242" w="287" h="175" zOrder="61">
      <color>4293256677</color>
      <borderVisible>False</borderVisible>
      <font family="%E5%BE%AE%E8%BD%AF%E9%9B%85%E9%BB%91" displayName="%E5%BE%AE%E8%BD%AF%E9%9B%85%E9%BB%91" postScript="" weightStyle="Regular" weight="400" isBold="False" isItalic="False"/>
      <textSize>14</textSize>
      <selectedIndex>-1</selectedIndex>
    </control>
    <control controlID="7788A873-58C9-4BFD-8AB8-307547D13415" controlTypeID="TextArea" x="742" y="2271" w="266" h="81" zOrder="62">
      <states>
        <state propName="TextColor" stateType="state_mouseOver" isChecked="True" value="4279468193" varType="20"/>
      </states>
      <color>0</color>
      <font family="%E5%BE%AE%E8%BD%AF%E9%9B%85%E9%BB%91" displayName="%E5%BE%AE%E8%BD%AF%E9%9B%85%E9%BB%91+Bold" postScript="" weightStyle="Bold" weight="700" isBold="True" isItalic="False"/>
      <text>+Extra+security+at+West+Ham+v+Southampton+to+cost+taxpayer+%C2%A360K+</text>
      <textColor>4281545523</textColor>
      <textSize>18</textSize>
      <textStyles>[fsBold]</textStyles>
      <useDefaultTextSize>False</useDefaultTextSize>
      <selectedIndex>-1</selectedIndex>
    </control>
    <control controlID="C837796B-F4A1-474B-831C-FFE68197285A" controlTypeID="TextArea" x="742" y="2365" w="266" h="27" zOrder="63">
      <states>
        <state propName="TextColor" stateType="state_mouseOver" isChecked="True" value="4279468193" varType="20"/>
      </states>
      <color>0</color>
      <font family="%E5%BE%AE%E8%BD%AF%E9%9B%85%E9%BB%91" displayName="%E5%BE%AE%E8%BD%AF%E9%9B%85%E9%BB%91+Bold" postScript="" weightStyle="Bold" weight="700" isBold="True" isItalic="False"/>
      <text>Health</text>
      <textColor>4288256409</textColor>
      <textSize>18</textSize>
      <textStyles>[fsBold]</textStyles>
      <useDefaultTextSize>False</useDefaultTextSize>
      <selectedIndex>-1</selectedIndex>
    </control>
    <control controlID="BD7FD006-568F-489C-B659-9B62E9DE1374" controlTypeID="Image" x="69" y="2471" w="137" h="175" zOrder="64">
      <opacity>0.5</opacity>
    </control>
    <control controlID="7C0C0AEC-07A2-42CB-9074-C43E80F8BEC9" controlTypeID="Shape" x="205" y="2471" w="287" h="175" zOrder="65">
      <color>4293256677</color>
      <borderVisible>False</borderVisible>
      <font family="%E5%BE%AE%E8%BD%AF%E9%9B%85%E9%BB%91" displayName="%E5%BE%AE%E8%BD%AF%E9%9B%85%E9%BB%91" postScript="" weightStyle="Regular" weight="400" isBold="False" isItalic="False"/>
      <textSize>14</textSize>
      <selectedIndex>-1</selectedIndex>
    </control>
    <control controlID="A2448803-CB1F-4B93-9001-92B98BAB3F4B" controlTypeID="TextArea" x="221" y="2500" w="266" h="81" zOrder="66">
      <states>
        <state propName="TextColor" stateType="state_mouseOver" isChecked="True" value="4279468193" varType="20"/>
      </states>
      <color>0</color>
      <font family="%E5%BE%AE%E8%BD%AF%E9%9B%85%E9%BB%91" displayName="%E5%BE%AE%E8%BD%AF%E9%9B%85%E9%BB%91+Bold" postScript="" weightStyle="Bold" weight="700" isBold="True" isItalic="False"/>
      <text>+Extra+security+at+West+Ham+v+Southampton+to+cost+taxpayer+%C2%A360K+</text>
      <textColor>4281545523</textColor>
      <textSize>18</textSize>
      <textStyles>[fsBold]</textStyles>
      <useDefaultTextSize>False</useDefaultTextSize>
      <selectedIndex>-1</selectedIndex>
    </control>
    <control controlID="9229B58C-96A4-4833-92F4-607CA4866304" controlTypeID="TextArea" x="221" y="2594" w="266" h="27" zOrder="67">
      <states>
        <state propName="TextColor" stateType="state_mouseOver" isChecked="True" value="4279468193" varType="20"/>
      </states>
      <color>0</color>
      <font family="%E5%BE%AE%E8%BD%AF%E9%9B%85%E9%BB%91" displayName="%E5%BE%AE%E8%BD%AF%E9%9B%85%E9%BB%91+Bold" postScript="" weightStyle="Bold" weight="700" isBold="True" isItalic="False"/>
      <text>Sports</text>
      <textColor>4288256409</textColor>
      <textSize>18</textSize>
      <textStyles>[fsBold]</textStyles>
      <useDefaultTextSize>False</useDefaultTextSize>
      <selectedIndex>-1</selectedIndex>
    </control>
    <control controlID="96F61E66-DC47-45F7-8541-01AB08BFEF85" controlTypeID="Image" x="590" y="2471" w="137" h="175" zOrder="68">
      <opacity>0.5</opacity>
    </control>
    <control controlID="C3ECEAC9-2BDD-45C1-83D4-A743770CAA50" controlTypeID="Shape" x="726" y="2471" w="287" h="175" zOrder="69">
      <color>4293256677</color>
      <borderVisible>False</borderVisible>
      <font family="%E5%BE%AE%E8%BD%AF%E9%9B%85%E9%BB%91" displayName="%E5%BE%AE%E8%BD%AF%E9%9B%85%E9%BB%91" postScript="" weightStyle="Regular" weight="400" isBold="False" isItalic="False"/>
      <textSize>14</textSize>
      <selectedIndex>-1</selectedIndex>
    </control>
    <control controlID="2C070691-B19B-4624-9383-AF53C73B9960" controlTypeID="TextArea" x="742" y="2500" w="266" h="81" zOrder="70">
      <states>
        <state propName="TextColor" stateType="state_mouseOver" isChecked="True" value="4279468193" varType="20"/>
      </states>
      <color>0</color>
      <font family="%E5%BE%AE%E8%BD%AF%E9%9B%85%E9%BB%91" displayName="%E5%BE%AE%E8%BD%AF%E9%9B%85%E9%BB%91+Bold" postScript="" weightStyle="Bold" weight="700" isBold="True" isItalic="False"/>
      <text>+Extra+security+at+West+Ham+v+Southampton+to+cost+taxpayer+%C2%A360K+</text>
      <textColor>4281545523</textColor>
      <textSize>18</textSize>
      <textStyles>[fsBold]</textStyles>
      <useDefaultTextSize>False</useDefaultTextSize>
      <selectedIndex>-1</selectedIndex>
    </control>
    <control controlID="6D0FEFBF-71BF-43E6-90CD-4D13536FB73B" controlTypeID="TextArea" x="742" y="2594" w="266" h="27" zOrder="71">
      <states>
        <state propName="TextColor" stateType="state_mouseOver" isChecked="True" value="4279468193" varType="20"/>
      </states>
      <color>0</color>
      <font family="%E5%BE%AE%E8%BD%AF%E9%9B%85%E9%BB%91" displayName="%E5%BE%AE%E8%BD%AF%E9%9B%85%E9%BB%91+Bold" postScript="" weightStyle="Bold" weight="700" isBold="True" isItalic="False"/>
      <text>Travel</text>
      <textColor>4288256409</textColor>
      <textSize>18</textSize>
      <textStyles>[fsBold]</textStyles>
      <useDefaultTextSize>False</useDefaultTextSize>
      <selectedIndex>-1</selectedIndex>
    </control>
    <control controlID="2E02E500-C5BA-4ADA-98BF-0CB58E2B7799" controlTypeID="TextArea" x="10" y="927" w="374" h="44" zOrder="72">
      <states>
        <state propName="TextColor" stateType="state_mouseOver" isChecked="True" value="4279468193" varType="20"/>
      </states>
      <color>0</color>
      <font family="%E5%BE%AE%E8%BD%AF%E9%9B%85%E9%BB%91" displayName="%E5%BE%AE%E8%BD%AF%E9%9B%85%E9%BB%91+Bold" postScript="" weightStyle="Bold" weight="700" isBold="True" isItalic="False"/>
      <text>News+From+Everywhere</text>
      <textColor>4281545523</textColor>
      <textSize>30</textSize>
      <textStyles>[fsBold]</textStyles>
      <useDefaultTextSize>False</useDefaultTextSize>
      <selectedIndex>-1</selectedIndex>
    </control>
    <control controlID="060F9E6D-2D48-49CB-B40C-BFB3554FB688" controlTypeID="Line" x="382" y="1724" w="388" h="2" zOrder="73">
      <font family="%E5%BE%AE%E8%BD%AF%E9%9B%85%E9%BB%91" displayName="%E5%BE%AE%E8%BD%AF%E9%9B%85%E9%BB%91" postScript="" weightStyle="Regular" weight="400" isBold="False" isItalic="False"/>
      <textSize>14</textSize>
      <lineSpacing>0</lineSpacing>
      <selectedIndex>-1</selectedIndex>
      <controlPoint>(194,1)</controlPoint>
      <startPoint>(0,1)</startPoint>
      <endPoint>(388,1)</endPoint>
    </control>
    <control controlID="0E193B42-954A-4948-A58B-C8FF1FE70176" controlTypeID="TextArea" x="6" y="1701" w="366" h="88" zOrder="74">
      <states>
        <state propName="TextColor" stateType="state_mouseOver" isChecked="True" value="4279468193" varType="20"/>
      </states>
      <color>0</color>
      <font family="%E5%BE%AE%E8%BD%AF%E9%9B%85%E9%BB%91" displayName="%E5%BE%AE%E8%BD%AF%E9%9B%85%E9%BB%91+Bold" postScript="" weightStyle="Bold" weight="700" isBold="True" isItalic="False"/>
      <text>News+From+In+Other+Languanges</text>
      <textColor>4281545523</textColor>
      <textSize>30</textSize>
      <textAlign>HaCenter</textAlign>
      <textStyles>[fsBold]</textStyles>
      <useDefaultTextSize>False</useDefaultTextSize>
      <selectedIndex>-1</selectedIndex>
    </control>
    <control controlID="BAFAD4E1-6345-4211-9252-5097D666DF35" controlTypeID="Icon" x="31" y="1034" w="18" h="18" zOrder="75">
      <color>4288256409</color>
      <icon>
        <ID/>
        <iconFontName>jdIonicons</iconFontName>
        <iconCode>62387</iconCode>
      </icon>
      <URL>0CCFED0BD1BC3BB4D610117937314139.svg</URL>
    </control>
    <control controlID="8C9C9A8B-7D80-4784-A395-277EB246B511" controlTypeID="Label" x="55" y="1033" w="46" h="19" zOrder="76">
      <color>16777215</color>
      <font family="%E5%BE%AE%E8%BD%AF%E9%9B%85%E9%BB%91" displayName="%E5%BE%AE%E8%BD%AF%E9%9B%85%E9%BB%91" postScript="" weightStyle="Regular" weight="400" isBold="False" isItalic="False"/>
      <text>2h+ago</text>
      <textColor>4281545523</textColor>
      <lineSpacing>0</lineSpacing>
      <selectedIndex>-1</selectedIndex>
    </control>
    <control controlID="E5722414-A6F0-43B0-AB63-B89AD6BD1E1E" controlTypeID="TextArea" x="32" y="988" w="316" h="45" zOrder="77">
      <font family="%E5%BE%AE%E8%BD%AF%E9%9B%85%E9%BB%91" displayName="%E5%BE%AE%E8%BD%AF%E9%9B%85%E9%BB%91" postScript="" weightStyle="Regular" weight="400" isBold="False" isItalic="False" useDefaultFontFamily="False"/>
      <text>May+aims+to+rescue+Brexit+plan%3B+EU+says+ball's+in+UK's</text>
      <textSize>16</textSize>
      <textAlign>HaCenter</textAlign>
      <useDefaultTextSize>False</useDefaultTextSize>
      <selectedIndex>-1</selectedIndex>
    </control>
    <control controlID="A9410314-EBDC-44CA-82AF-9E4DFF847B80" controlTypeID="Icon" x="31" y="1128" w="18" h="18" zOrder="78">
      <color>4288256409</color>
      <icon>
        <ID/>
        <iconFontName>jdIonicons</iconFontName>
        <iconCode>62387</iconCode>
      </icon>
      <URL>0CCFED0BD1BC3BB4D610117937314139.svg</URL>
    </control>
    <control controlID="A15BDEBB-B78B-4653-ADC8-285A22F8C31E" controlTypeID="Label" x="55" y="1127" w="46" h="19" zOrder="79">
      <color>16777215</color>
      <font family="%E5%BE%AE%E8%BD%AF%E9%9B%85%E9%BB%91" displayName="%E5%BE%AE%E8%BD%AF%E9%9B%85%E9%BB%91" postScript="" weightStyle="Regular" weight="400" isBold="False" isItalic="False"/>
      <text>2h+ago</text>
      <textColor>4281545523</textColor>
      <lineSpacing>0</lineSpacing>
      <selectedIndex>-1</selectedIndex>
    </control>
    <control controlID="E590794E-D5EA-41A3-8013-D116529AD10E" controlTypeID="TextArea" x="31" y="1082" w="306" h="45" zOrder="80">
      <font family="%E5%BE%AE%E8%BD%AF%E9%9B%85%E9%BB%91" displayName="%E5%BE%AE%E8%BD%AF%E9%9B%85%E9%BB%91" postScript="" weightStyle="Regular" weight="400" isBold="False" isItalic="False" useDefaultFontFamily="False"/>
      <text>May+aims+to+rescue+Brexit+plan%3B+EU+says+ball's+in+UK's</text>
      <textSize>16</textSize>
      <textAlign>HaCenter</textAlign>
      <useDefaultTextSize>False</useDefaultTextSize>
      <selectedIndex>-1</selectedIndex>
    </control>
    <control controlID="387CC634-8164-487C-ACBA-0F334C989383" controlTypeID="Icon" x="31" y="1227" w="18" h="18" zOrder="81">
      <color>4288256409</color>
      <icon>
        <ID/>
        <iconFontName>jdIonicons</iconFontName>
        <iconCode>62387</iconCode>
      </icon>
      <URL>0CCFED0BD1BC3BB4D610117937314139.svg</URL>
    </control>
    <control controlID="1677003E-66E3-44C4-922A-E79D521D9F48" controlTypeID="Label" x="55" y="1226" w="46" h="19" zOrder="82">
      <color>16777215</color>
      <font family="%E5%BE%AE%E8%BD%AF%E9%9B%85%E9%BB%91" displayName="%E5%BE%AE%E8%BD%AF%E9%9B%85%E9%BB%91" postScript="" weightStyle="Regular" weight="400" isBold="False" isItalic="False"/>
      <text>2h+ago</text>
      <textColor>4281545523</textColor>
      <lineSpacing>0</lineSpacing>
      <selectedIndex>-1</selectedIndex>
    </control>
    <control controlID="3A886CCE-86B7-47EE-B3F1-1FC19B5112E8" controlTypeID="TextArea" x="31" y="1180" w="306" h="46" zOrder="83">
      <font family="%E5%BE%AE%E8%BD%AF%E9%9B%85%E9%BB%91" displayName="%E5%BE%AE%E8%BD%AF%E9%9B%85%E9%BB%91" postScript="" weightStyle="Regular" weight="400" isBold="False" isItalic="False" useDefaultFontFamily="False"/>
      <text>May+aims+to+rescue+Brexit+plan%3B+EU+says+ball's+in+UK's</text>
      <textSize>16</textSize>
      <textAlign>HaCenter</textAlign>
      <useDefaultTextSize>False</useDefaultTextSize>
      <selectedIndex>-1</selectedIndex>
    </control>
    <control controlID="80A10A4F-D9BF-4A74-B764-0348E5AB1CF1" controlTypeID="Icon" x="426" y="1035" w="18" h="18" zOrder="84">
      <color>4288256409</color>
      <icon>
        <ID/>
        <iconFontName>jdIonicons</iconFontName>
        <iconCode>62387</iconCode>
      </icon>
      <URL>0CCFED0BD1BC3BB4D610117937314139.svg</URL>
    </control>
    <control controlID="1EDDAB81-E597-4808-8FD6-9B8CF4D65D83" controlTypeID="Label" x="450" y="1034" w="46" h="19" zOrder="85">
      <color>16777215</color>
      <font family="%E5%BE%AE%E8%BD%AF%E9%9B%85%E9%BB%91" displayName="%E5%BE%AE%E8%BD%AF%E9%9B%85%E9%BB%91" postScript="" weightStyle="Regular" weight="400" isBold="False" isItalic="False"/>
      <text>2h+ago</text>
      <textColor>4281545523</textColor>
      <lineSpacing>0</lineSpacing>
      <selectedIndex>-1</selectedIndex>
    </control>
    <control controlID="8DBB48EB-9434-479D-9D8A-7063B605FB0D" controlTypeID="TextArea" x="426" y="989" w="315" h="41" zOrder="86">
      <font family="%E5%BE%AE%E8%BD%AF%E9%9B%85%E9%BB%91" displayName="%E5%BE%AE%E8%BD%AF%E9%9B%85%E9%BB%91" postScript="" weightStyle="Regular" weight="400" isBold="False" isItalic="False" useDefaultFontFamily="False"/>
      <text>May+aims+to+rescue+Brexit+plan%3B+EU+says+ball's+in+UK's</text>
      <textSize>16</textSize>
      <textAlign>HaCenter</textAlign>
      <useDefaultTextSize>False</useDefaultTextSize>
      <selectedIndex>-1</selectedIndex>
    </control>
    <control controlID="935320E0-ED29-4325-848A-855CAA29AF9C" controlTypeID="Icon" x="427" y="1129" w="18" h="18" zOrder="87">
      <color>4288256409</color>
      <icon>
        <ID/>
        <iconFontName>jdIonicons</iconFontName>
        <iconCode>62387</iconCode>
      </icon>
      <URL>0CCFED0BD1BC3BB4D610117937314139.svg</URL>
    </control>
    <control controlID="77508BFF-DB48-4B98-903B-C163871EBAB7" controlTypeID="Label" x="451" y="1128" w="46" h="19" zOrder="88">
      <color>16777215</color>
      <font family="%E5%BE%AE%E8%BD%AF%E9%9B%85%E9%BB%91" displayName="%E5%BE%AE%E8%BD%AF%E9%9B%85%E9%BB%91" postScript="" weightStyle="Regular" weight="400" isBold="False" isItalic="False"/>
      <text>2h+ago</text>
      <textColor>4281545523</textColor>
      <lineSpacing>0</lineSpacing>
      <selectedIndex>-1</selectedIndex>
    </control>
    <control controlID="3DA36F4D-C9D2-4BFF-94FC-77CDA8EF0014" controlTypeID="TextArea" x="427" y="1083" w="315" h="41" zOrder="89">
      <font family="%E5%BE%AE%E8%BD%AF%E9%9B%85%E9%BB%91" displayName="%E5%BE%AE%E8%BD%AF%E9%9B%85%E9%BB%91" postScript="" weightStyle="Regular" weight="400" isBold="False" isItalic="False" useDefaultFontFamily="False"/>
      <text>May+aims+to+rescue+Brexit+plan%3B+EU+says+ball's+in+UK's</text>
      <textSize>16</textSize>
      <textAlign>HaCenter</textAlign>
      <useDefaultTextSize>False</useDefaultTextSize>
      <selectedIndex>-1</selectedIndex>
    </control>
    <control controlID="58C9014E-3449-4C4F-83BC-057872ABE520" controlTypeID="Icon" x="427" y="1227" w="18" h="18" zOrder="90">
      <color>4288256409</color>
      <icon>
        <ID/>
        <iconFontName>jdIonicons</iconFontName>
        <iconCode>62387</iconCode>
      </icon>
      <URL>0CCFED0BD1BC3BB4D610117937314139.svg</URL>
    </control>
    <control controlID="4A9C2722-C40A-47BA-A2B2-AEDB3B55150F" controlTypeID="Label" x="451" y="1226" w="46" h="19" zOrder="91">
      <color>16777215</color>
      <font family="%E5%BE%AE%E8%BD%AF%E9%9B%85%E9%BB%91" displayName="%E5%BE%AE%E8%BD%AF%E9%9B%85%E9%BB%91" postScript="" weightStyle="Regular" weight="400" isBold="False" isItalic="False"/>
      <text>2h+ago</text>
      <textColor>4281545523</textColor>
      <lineSpacing>0</lineSpacing>
      <selectedIndex>-1</selectedIndex>
    </control>
    <control controlID="70F28AEC-F7A3-4C4B-9D47-3B9AF80254E4" controlTypeID="TextArea" x="427" y="1181" w="315" h="41" zOrder="92">
      <font family="%E5%BE%AE%E8%BD%AF%E9%9B%85%E9%BB%91" displayName="%E5%BE%AE%E8%BD%AF%E9%9B%85%E9%BB%91" postScript="" weightStyle="Regular" weight="400" isBold="False" isItalic="False" useDefaultFontFamily="False"/>
      <text>May+aims+to+rescue+Brexit+plan%3B+EU+says+ball's+in+UK's</text>
      <textSize>16</textSize>
      <textAlign>HaCenter</textAlign>
      <useDefaultTextSize>False</useDefaultTextSize>
      <selectedIndex>-1</selectedIndex>
    </control>
    <control controlID="4F872C13-09FB-481B-A259-7EB8407B7903" controlTypeID="Line" x="43" y="1067" w="301" h="2" zOrder="93">
      <font family="%E5%BE%AE%E8%BD%AF%E9%9B%85%E9%BB%91" displayName="%E5%BE%AE%E8%BD%AF%E9%9B%85%E9%BB%91" postScript="" weightStyle="Regular" weight="400" isBold="False" isItalic="False"/>
      <textSize>14</textSize>
      <lineSpacing>0</lineSpacing>
      <selectedIndex>-1</selectedIndex>
      <controlPoint>(151,1)</controlPoint>
      <startPoint>(1,1)</startPoint>
      <endPoint>(301,1)</endPoint>
    </control>
    <control controlID="793D8C96-A076-4CFB-8539-8DA97F9DE315" controlTypeID="Line" x="44" y="1162" w="300" h="2" zOrder="94">
      <font family="%E5%BE%AE%E8%BD%AF%E9%9B%85%E9%BB%91" displayName="%E5%BE%AE%E8%BD%AF%E9%9B%85%E9%BB%91" postScript="" weightStyle="Regular" weight="400" isBold="False" isItalic="False"/>
      <textSize>14</textSize>
      <lineSpacing>0</lineSpacing>
      <selectedIndex>-1</selectedIndex>
      <controlPoint>(150,1)</controlPoint>
      <startPoint>(1,1)</startPoint>
      <endPoint>(300,1)</endPoint>
    </control>
    <control controlID="A4C1CC77-FFF7-4286-BD76-C21AF403BF4E" controlTypeID="Line" x="48" y="1255" w="294" h="2" zOrder="95">
      <font family="%E5%BE%AE%E8%BD%AF%E9%9B%85%E9%BB%91" displayName="%E5%BE%AE%E8%BD%AF%E9%9B%85%E9%BB%91" postScript="" weightStyle="Regular" weight="400" isBold="False" isItalic="False"/>
      <textSize>14</textSize>
      <lineSpacing>0</lineSpacing>
      <selectedIndex>-1</selectedIndex>
      <controlPoint>(148,1)</controlPoint>
      <startPoint>(1,1)</startPoint>
      <endPoint>(294,1)</endPoint>
    </control>
    <control controlID="9897AF4C-590A-452D-98CE-A9B9BDF3E4C3" controlTypeID="Line" x="404" y="1067" w="366" h="2" zOrder="96">
      <font family="%E5%BE%AE%E8%BD%AF%E9%9B%85%E9%BB%91" displayName="%E5%BE%AE%E8%BD%AF%E9%9B%85%E9%BB%91" postScript="" weightStyle="Regular" weight="400" isBold="False" isItalic="False"/>
      <textSize>14</textSize>
      <lineSpacing>0</lineSpacing>
      <selectedIndex>-1</selectedIndex>
      <controlPoint>(184,1)</controlPoint>
      <startPoint>(1,1)</startPoint>
      <endPoint>(366,1)</endPoint>
    </control>
    <control controlID="A7AD385A-F1A8-4607-9FE1-458F6F1EA56D" controlTypeID="Line" x="404" y="1161" w="366" h="2" zOrder="97">
      <font family="%E5%BE%AE%E8%BD%AF%E9%9B%85%E9%BB%91" displayName="%E5%BE%AE%E8%BD%AF%E9%9B%85%E9%BB%91" postScript="" weightStyle="Regular" weight="400" isBold="False" isItalic="False"/>
      <textSize>14</textSize>
      <lineSpacing>0</lineSpacing>
      <selectedIndex>-1</selectedIndex>
      <controlPoint>(184,1)</controlPoint>
      <startPoint>(1,1)</startPoint>
      <endPoint>(366,1)</endPoint>
    </control>
    <control controlID="239277C8-9145-4F6B-9383-8E863DD1501E" controlTypeID="Line" x="404" y="1254" w="366" h="2" zOrder="98">
      <font family="%E5%BE%AE%E8%BD%AF%E9%9B%85%E9%BB%91" displayName="%E5%BE%AE%E8%BD%AF%E9%9B%85%E9%BB%91" postScript="" weightStyle="Regular" weight="400" isBold="False" isItalic="False"/>
      <textSize>14</textSize>
      <lineSpacing>0</lineSpacing>
      <selectedIndex>-1</selectedIndex>
      <controlPoint>(184,1)</controlPoint>
      <startPoint>(1,1)</startPoint>
      <endPoint>(366,1)</endPoint>
    </control>
    <control controlID="BB0CE9C1-1C05-41A0-B16F-9D762AEBEE45" controlTypeID="Label" x="286" y="1035" w="31" h="22" zOrder="99">
      <color>16777215</color>
      <font family="%E5%BE%AE%E8%BD%AF%E9%9B%85%E9%BB%91" displayName="%E5%BE%AE%E8%BD%AF%E9%9B%85%E9%BB%91" postScript="" weightStyle="Regular" weight="400" isBold="False" isItalic="False"/>
      <text>Asia</text>
      <textColor>4291572531</textColor>
      <textSize>16</textSize>
      <lineSpacing>0</lineSpacing>
      <useDefaultTextSize>False</useDefaultTextSize>
      <selectedIndex>-1</selectedIndex>
    </control>
    <control controlID="6E856DFB-97DC-4B1B-94F4-B73E80827A0F" controlTypeID="Label" x="276" y="1130" w="54" h="22" zOrder="100">
      <color>16777215</color>
      <font family="%E5%BE%AE%E8%BD%AF%E9%9B%85%E9%BB%91" displayName="%E5%BE%AE%E8%BD%AF%E9%9B%85%E9%BB%91" postScript="" weightStyle="Regular" weight="400" isBold="False" isItalic="False"/>
      <text>Europe</text>
      <textColor>4291572531</textColor>
      <textSize>16</textSize>
      <lineSpacing>0</lineSpacing>
      <useDefaultTextSize>False</useDefaultTextSize>
      <selectedIndex>-1</selectedIndex>
    </control>
    <control controlID="BB61C83A-3389-4708-A824-F36442BC5C2E" controlTypeID="Label" x="277" y="1223" w="66" h="22" zOrder="101">
      <color>16777215</color>
      <font family="%E5%BE%AE%E8%BD%AF%E9%9B%85%E9%BB%91" displayName="%E5%BE%AE%E8%BD%AF%E9%9B%85%E9%BB%91" postScript="" weightStyle="Regular" weight="400" isBold="False" isItalic="False"/>
      <text>Australia</text>
      <textColor>4291572531</textColor>
      <textSize>16</textSize>
      <lineSpacing>0</lineSpacing>
      <useDefaultTextSize>False</useDefaultTextSize>
      <selectedIndex>-1</selectedIndex>
    </control>
    <control controlID="76598AA7-8DBC-4D68-974C-FE80910DB1D4" controlTypeID="Label" x="682" y="1035" w="36" h="22" zOrder="102">
      <color>16777215</color>
      <font family="%E5%BE%AE%E8%BD%AF%E9%9B%85%E9%BB%91" displayName="%E5%BE%AE%E8%BD%AF%E9%9B%85%E9%BB%91" postScript="" weightStyle="Regular" weight="400" isBold="False" isItalic="False"/>
      <text>Latin</text>
      <textColor>4291572531</textColor>
      <textSize>16</textSize>
      <lineSpacing>0</lineSpacing>
      <useDefaultTextSize>False</useDefaultTextSize>
      <selectedIndex>-1</selectedIndex>
    </control>
    <control controlID="B7155E91-AD87-48F8-8DEA-AFF50918CE96" controlTypeID="Label" x="682" y="1130" w="77" h="22" zOrder="103">
      <color>16777215</color>
      <font family="%E5%BE%AE%E8%BD%AF%E9%9B%85%E9%BB%91" displayName="%E5%BE%AE%E8%BD%AF%E9%9B%85%E9%BB%91" postScript="" weightStyle="Regular" weight="400" isBold="False" isItalic="False"/>
      <text>Caribbean</text>
      <textColor>4291572531</textColor>
      <textSize>16</textSize>
      <lineSpacing>0</lineSpacing>
      <useDefaultTextSize>False</useDefaultTextSize>
      <selectedIndex>-1</selectedIndex>
    </control>
    <control controlID="98C22999-3572-43A0-B146-B36CD793C822" controlTypeID="Label" x="682" y="1223" w="54" h="22" zOrder="104">
      <color>16777215</color>
      <font family="%E5%BE%AE%E8%BD%AF%E9%9B%85%E9%BB%91" displayName="%E5%BE%AE%E8%BD%AF%E9%9B%85%E9%BB%91" postScript="" weightStyle="Regular" weight="400" isBold="False" isItalic="False"/>
      <text>Europe</text>
      <textColor>4291572531</textColor>
      <textSize>16</textSize>
      <lineSpacing>0</lineSpacing>
      <useDefaultTextSize>False</useDefaultTextSize>
      <selectedIndex>-1</selectedIndex>
    </control>
    <control controlID="3DA23F1C-9F5A-4105-A3B0-13C589EF3D46" controlTypeID="Image" x="70" y="1806" w="561" h="39" zOrder="105">
      <URL>8A1A815BA675E8AC0448DC407988A092.png</URL>
    </control>
    <control controlID="D93BA97F-8D9E-4A3F-BD3C-F1D52C1E83C9" controlTypeID="Label" x="76" y="1855" w="104" h="22" zOrder="106">
      <color>16777215</color>
      <font family="%E5%BE%AE%E8%BD%AF%E9%9B%85%E9%BB%91" displayName="%E5%BE%AE%E8%BD%AF%E9%9B%85%E9%BB%91" postScript="" weightStyle="Regular" weight="400" isBold="False" isItalic="False"/>
      <text>For+More%3E%3E%3E</text>
      <textColor>4291572531</textColor>
      <textSize>16</textSize>
      <lineSpacing>0</lineSpacing>
      <useDefaultTextSize>False</useDefaultTextSize>
      <selectedIndex>-1</selectedIndex>
    </control>
    <control controlID="16077146-DADC-4CAD-9DCE-46492ABA3766" controlTypeID="List" x="184" y="55" w="168" h="252" zOrder="107">
      <isShow>False</isShow>
      <color>4294954086</color>
      <borderVisible>False</borderVisible>
      <links eventType="AtClick" animate="AmNone" animateAutoDelay="0" animateDuration="500">
        <link targetPageID="EF538E16-EF42-4721-A8F7-09E90520BB10" linkType="ltPageLink" isApplyIncludePage="False" title="World">
          <area shape="0" alt="" ID="{F92D3D7D-DD6D-4DF8-9985-EB5AA538C568}" coords="(1,1,167,26)"/>
        </link>
        <link targetPageID="" linkType="ltPageLink" isApplyIncludePage="False" title="Asia">
          <area shape="0" alt="" ID="{425336C7-BBA1-4FE4-A82D-AB5D8CC21B50}" coords="(1,26,167,51)"/>
        </link>
        <link targetPageID="" linkType="ltPageLink" isApplyIncludePage="False" title="Business">
          <area shape="0" alt="" ID="{33001601-FD58-4E4F-9A10-0A638F1AD6AA}" coords="(1,51,167,76)"/>
        </link>
      </links>
      <font family="%E5%BE%AE%E8%BD%AF%E9%9B%85%E9%BB%91" displayName="%E5%BE%AE%E8%BD%AF%E9%9B%85%E9%BB%91" postScript="" weightStyle="Regular" weight="400" isBold="False" isItalic="False"/>
      <text>World%0D%0AAsia%0D%0ABusiness%0D%0A</text>
      <textSize>14</textSize>
      <textAlign>HaCenter</textAlign>
      <lineSpacing>0</lineSpacing>
    </control>
    <control controlID="A180601F-C617-407A-B195-1671A3C969ED" controlTypeID="List" x="407" y="55" w="168" h="252" zOrder="108">
      <isShow>False</isShow>
      <color>4294954086</color>
      <borderVisible>False</borderVisible>
      <font family="%E5%BE%AE%E8%BD%AF%E9%9B%85%E9%BB%91" displayName="%E5%BE%AE%E8%BD%AF%E9%9B%85%E9%BB%91" postScript="" weightStyle="Regular" weight="400" isBold="False" isItalic="False"/>
      <text>Sounds%0D%0ATV%0D%0ARadio%0D%0A</text>
      <textSize>14</textSize>
      <textAlign>HaCenter</textAlign>
      <lineSpacing>0</lineSpacing>
    </control>
    <control controlID="EDE319D4-5167-4A60-8874-0B950215EE83" controlTypeID="Shape" x="969" y="3" w="110" h="50" zOrder="109">
      <caption>register</caption>
      <color>4294954086</color>
      <borderVisible>False</borderVisible>
      <links eventType="AtClick" animate="AmNone" animateAutoDelay="0" animateDuration="500">
        <link targetPageID="BD450164-CBE8-4224-891B-07962285382D" linkType="ltPageLink" isApplyIncludePage="False" title="%E6%B3%A8%E5%86%8C">
          <area shape="0" alt="" ID="{687094C3-616A-4608-912C-29B0FCBBDA63}" coords="(0,0,110,50)"/>
        </link>
      </links>
      <font family="%E5%BE%AE%E8%BD%AF%E9%9B%85%E9%BB%91" displayName="%E5%BE%AE%E8%BD%AF%E9%9B%85%E9%BB%91" postScript="" weightStyle="Regular" weight="400" isBold="False" isItalic="False"/>
      <text>Register</text>
      <textSize>18</textSize>
      <useDefaultTextSize>False</useDefaultTextSize>
      <selectedIndex>-1</selectedIndex>
    </control>
    <control controlID="ED790AC8-41B9-4F2D-8782-3A7774CF8819" controlTypeID="Shape" x="857" y="3" w="110" h="50" zOrder="110">
      <caption>Login</caption>
      <color>4294954086</color>
      <borderVisible>False</borderVisible>
      <links eventType="AtClick" animate="AmNone" animateAutoDelay="0" animateDuration="500">
        <link targetPageID="1D6B670A-4FA1-4398-B534-00208812746B" linkType="ltPageLink" isApplyIncludePage="False" title="%E7%99%BB%E9%99%86">
          <area shape="0" alt="" ID="{2D1CB055-8A21-49E4-BDE1-66ECB20D1D1B}" coords="(0,0,110,50)"/>
        </link>
      </links>
      <font family="%E5%BE%AE%E8%BD%AF%E9%9B%85%E9%BB%91" displayName="%E5%BE%AE%E8%BD%AF%E9%9B%85%E9%BB%91" postScript="" weightStyle="Regular" weight="400" isBold="False" isItalic="False"/>
      <text>Login</text>
      <textSize>18</textSize>
      <useDefaultTextSize>False</useDefaultTextSize>
      <selectedIndex>-1</selectedIndex>
    </control>
  </controls>
  <param>
    <backgroundColor>4294967295</backgroundColor>
    <fontSize>14</fontSize>
    <fontFamily>%E5%BE%AE%E8%BD%AF%E9%9B%85%E9%BB%91</fontFamily>
    <guideLines/>
  </param>
</mockup>