﻿<mockup version="5.3" minAllowVersion="5.3" ID="FFCF20B9-7DF9-499E-A761-1E43C158F017" platform="MtWeb" defaultW="1100" defaultH="6000" measureW="1100" measureH="3000" mobileScreenScale="0">
  <controls controlCount="83">
    <control controlID="BF556EE4-294D-4834-A49F-5C90B03BC695" controlTypeID="TextArea" x="0" y="54" w="823" h="116" zOrder="0">
      <states>
        <state propName="TextColor" stateType="state_mouseOver" isChecked="True" value="4279468193" varType="20"/>
      </states>
      <color>0</color>
      <font family="%E5%BE%AE%E8%BD%AF%E9%9B%85%E9%BB%91" displayName="%E5%BE%AE%E8%BD%AF%E9%9B%85%E9%BB%91+Bold" postScript="" weightStyle="Bold" weight="700" isBold="True" isItalic="False"/>
      <text>Video+Top+Stories</text>
      <textColor>4281545523</textColor>
      <textSize>40</textSize>
      <textStyles>[fsBold]</textStyles>
      <useDefaultTextSize>False</useDefaultTextSize>
      <selectedIndex>-1</selectedIndex>
    </control>
    <control controlID="6E7751DA-9068-4353-BE1C-BBC4A3E51E73" controlTypeID="TextArea" x="842" y="345" w="238" h="93" zOrder="1">
      <states>
        <state propName="TextColor" stateType="state_mouseOver" isChecked="True" value="4279468193" varType="20"/>
      </states>
      <color>0</color>
      <font family="%E5%BE%AE%E8%BD%AF%E9%9B%85%E9%BB%91" displayName="%E5%BE%AE%E8%BD%AF%E9%9B%85%E9%BB%91+Bold" postScript="" weightStyle="Bold" weight="700" isBold="True" isItalic="False"/>
      <text>Volkswagen's+car+'graveyard'+in+California</text>
      <textColor>4281545523</textColor>
      <textSize>20</textSize>
      <textStyles>[fsBold]</textStyles>
      <useDefaultTextSize>False</useDefaultTextSize>
      <selectedIndex>-1</selectedIndex>
    </control>
    <control controlID="E84F8B03-56B8-4F6B-8571-848B8B9BF4D2" controlTypeID="TextArea" x="840" y="534" w="238" h="137" zOrder="2">
      <states>
        <state propName="TextColor" stateType="state_mouseOver" isChecked="True" value="4279468193" varType="20"/>
      </states>
      <color>0</color>
      <font family="%E5%BE%AE%E8%BD%AF%E9%9B%85%E9%BB%91" displayName="%E5%BE%AE%E8%BD%AF%E9%9B%85%E9%BB%91" postScript="" weightStyle="Regular" weight="400" isBold="False" isItalic="False"/>
      <text>Volkswagen+has+spent+more+than+$7.4+billion+(%C2%A35.2+bn)+to+buy+back+around+350%2C000+diesel+vehicles+after+the+emissions+scandal.</text>
      <textColor>4288256409</textColor>
      <textSize>16</textSize>
      <useDefaultTextSize>False</useDefaultTextSize>
      <selectedIndex>-1</selectedIndex>
    </control>
    <control controlID="58856621-EC99-47A2-B889-E09BB6D7F73B" controlTypeID="TextArea" x="842" y="460" w="238" h="42" zOrder="3">
      <states>
        <state propName="TextColor" stateType="state_mouseOver" isChecked="True" value="4279468193" varType="20"/>
      </states>
      <color>0</color>
      <font family="%E5%BE%AE%E8%BD%AF%E9%9B%85%E9%BB%91" displayName="%E5%BE%AE%E8%BD%AF%E9%9B%85%E9%BB%91" postScript="" weightStyle="Regular" weight="400" isBold="False" isItalic="False"/>
      <text>They're+being+stored+at+sites+across+the+US.</text>
      <textColor>4288256409</textColor>
      <textSize>16</textSize>
      <useDefaultTextSize>False</useDefaultTextSize>
      <selectedIndex>-1</selectedIndex>
    </control>
    <control controlID="70E850F9-24BF-4F4C-9D1D-A1BA54DC5633" controlTypeID="VideoPlayer" x="30" y="345" w="780" h="451" zOrder="4"/>
    <control controlID="0FE8C9A7-5C14-4F16-B189-5F30822E332F" controlTypeID="Icon" x="841" y="660" w="18" h="18" zOrder="5">
      <color>4288256409</color>
      <icon>
        <ID/>
        <iconFontName>jdIonicons</iconFontName>
        <iconCode>62387</iconCode>
      </icon>
      <URL>0CCFED0BD1BC3BB4D610117937314139.svg</URL>
    </control>
    <control controlID="130B02A2-AD3E-4B3C-9FC1-E070071BD98B" controlTypeID="Label" x="865" y="659" w="46" h="19" zOrder="6">
      <color>16777215</color>
      <font family="%E5%BE%AE%E8%BD%AF%E9%9B%85%E9%BB%91" displayName="%E5%BE%AE%E8%BD%AF%E9%9B%85%E9%BB%91" postScript="" weightStyle="Regular" weight="400" isBold="False" isItalic="False"/>
      <text>9h+ago</text>
      <textColor>4281545523</textColor>
      <lineSpacing>0</lineSpacing>
      <selectedIndex>-1</selectedIndex>
    </control>
    <control controlID="4E71280D-E098-4F5E-AF2D-43372E33A878" controlTypeID="__group__" x="40" y="886" w="1025" h="215" zOrder="7">
      <groupChildrenDescriptors>
        <control controlID="B951B942-7B00-4CC8-947F-98E7A38B4C9F" controlTypeID="Image" x="251" y="0" w="248" h="129" zOrder="0">
          <opacity>0.5</opacity>
        </control>
        <control controlID="238E77AA-F2B2-4147-9CF3-0AF491BBCD48" controlTypeID="Image" x="529" y="0" w="227" h="129" zOrder="1">
          <opacity>0.5</opacity>
        </control>
        <control controlID="D5F1FD68-62CD-48FA-898B-2D05ACBCEB28" controlTypeID="Image" x="0" y="0" w="227" h="129" zOrder="2">
          <opacity>0.5</opacity>
          <links eventType="AtClick" animate="AmNone" animateAutoDelay="0" animateDuration="500">
            <link targetPageID="8E147BAB-4068-42C4-84BA-4AA624A67010" linkType="ltPageLink" isApplyIncludePage="False" title="News1">
              <area shape="0" alt="" ID="{077A707C-AAFB-4D54-81E5-D8CE7BA941EC}" coords="(0,0,227,129)"/>
            </link>
          </links>
        </control>
        <control controlID="AE761EC1-BDEF-4B05-82FE-5B5A8F8A8792" controlTypeID="Image" x="788" y="0" w="227" h="129" zOrder="3">
          <opacity>0.5</opacity>
        </control>
        <control controlID="30AD8A3A-7A2F-4959-A449-EC472A05915B" controlTypeID="TextArea" x="250" y="144" w="266" h="59" zOrder="4">
          <states>
            <state propName="TextColor" stateType="state_mouseOver" isChecked="True" value="4279468193" varType="20"/>
          </states>
          <color>0</color>
          <font family="%E5%BE%AE%E8%BD%AF%E9%9B%85%E9%BB%91" displayName="%E5%BE%AE%E8%BD%AF%E9%9B%85%E9%BB%91+Bold" postScript="" weightStyle="Bold" weight="700" isBold="True" isItalic="False"/>
          <text>Colorado+senator+explains+white+privilege</text>
          <textColor>4281545523</textColor>
          <textSize>18</textSize>
          <textStyles>[fsBold]</textStyles>
          <useDefaultTextSize>False</useDefaultTextSize>
          <selectedIndex>-1</selectedIndex>
        </control>
        <control controlID="6ABEA417-A5E5-43F2-9687-BC4F1D09B557" controlTypeID="TextArea" x="531" y="139" w="237" h="59" zOrder="5">
          <states>
            <state propName="TextColor" stateType="state_mouseOver" isChecked="True" value="4279468193" varType="20"/>
          </states>
          <color>0</color>
          <font family="%E5%BE%AE%E8%BD%AF%E9%9B%85%E9%BB%91" displayName="%E5%BE%AE%E8%BD%AF%E9%9B%85%E9%BB%91+Bold" postScript="" weightStyle="Bold" weight="700" isBold="True" isItalic="False"/>
          <text>Pint+of+dead+bread%2C+anyone%3F</text>
          <textColor>4281545523</textColor>
          <textSize>18</textSize>
          <textStyles>[fsBold]</textStyles>
          <useDefaultTextSize>False</useDefaultTextSize>
          <selectedIndex>-1</selectedIndex>
        </control>
        <control controlID="6A937D6B-1E6A-4ECD-9A3B-24F5FE7732C6" controlTypeID="TextArea" x="0" y="139" w="237" h="59" zOrder="6">
          <states>
            <state propName="TextColor" stateType="state_mouseOver" isChecked="True" value="4279468193" varType="20"/>
          </states>
          <color>0</color>
          <links eventType="AtClick" animate="AmNone" animateAutoDelay="0" animateDuration="500">
            <link targetPageID="8E147BAB-4068-42C4-84BA-4AA624A67010" linkType="ltPageLink" isApplyIncludePage="False" title="News1">
              <area shape="0" alt="" ID="{035C37BD-652B-4702-9ACF-524D869D739D}" coords="(0,0,237,59)"/>
            </link>
          </links>
          <font family="%E5%BE%AE%E8%BD%AF%E9%9B%85%E9%BB%91" displayName="%E5%BE%AE%E8%BD%AF%E9%9B%85%E9%BB%91+Bold" postScript="" weightStyle="Bold" weight="700" isBold="True" isItalic="False"/>
          <text>Street+dancers+go+viral+after+Rihanna+tweet</text>
          <textColor>4281545523</textColor>
          <textSize>18</textSize>
          <textStyles>[fsBold]</textStyles>
          <useDefaultTextSize>False</useDefaultTextSize>
          <selectedIndex>-1</selectedIndex>
        </control>
        <control controlID="A5F22087-C74B-4F57-A9CC-09CFFB5C7EDA" controlTypeID="TextArea" x="788" y="139" w="237" h="76" zOrder="7">
          <states>
            <state propName="TextColor" stateType="state_mouseOver" isChecked="True" value="4279468193" varType="20"/>
          </states>
          <color>0</color>
          <font family="%E5%BE%AE%E8%BD%AF%E9%9B%85%E9%BB%91" displayName="%E5%BE%AE%E8%BD%AF%E9%9B%85%E9%BB%91+Bold" postScript="" weightStyle="Bold" weight="700" isBold="True" isItalic="False"/>
          <text>Airport's+fluffy+anti-smuggling+weapon</text>
          <textColor>4281545523</textColor>
          <textSize>18</textSize>
          <textStyles>[fsBold]</textStyles>
          <useDefaultTextSize>False</useDefaultTextSize>
          <selectedIndex>-1</selectedIndex>
        </control>
      </groupChildrenDescriptors>
    </control>
    <control controlID="4ADFF40F-23E6-43A5-8B34-26038F29CBE2" controlTypeID="__group__" x="169" y="969" w="82" h="40" zOrder="8">
      <groupChildrenDescriptors>
        <control controlID="EEF67656-FD81-496B-99F8-7CDF71443946" controlTypeID="Shape" x="0" y="0" w="82" h="40" zOrder="0">
          <color>4291611852</color>
          <borderVisible>False</borderVisible>
          <font family="%E5%BE%AE%E8%BD%AF%E9%9B%85%E9%BB%91" displayName="%E5%BE%AE%E8%BD%AF%E9%9B%85%E9%BB%91" postScript="" weightStyle="Regular" weight="400" isBold="False" isItalic="False"/>
          <textSize>14</textSize>
          <selectedIndex>-1</selectedIndex>
        </control>
        <control controlID="899D75FC-BD09-434C-91A2-403C2AD5B036" controlTypeID="Icon" x="6" y="10" w="20" h="20" zOrder="1">
          <icon>
            <ID/>
            <iconFontName>jdIonicons</iconFontName>
            <iconCode>62307</iconCode>
          </icon>
          <URL>2B26C789AF3EFEA925A6893B9D4A201A.svg</URL>
        </control>
        <control controlID="DD5E5E30-003E-4DC4-80D0-4CF7EB9C9A43" controlTypeID="Label" x="35" y="9" w="31" h="22" zOrder="2">
          <font family="%E5%BE%AE%E8%BD%AF%E9%9B%85%E9%BB%91" displayName="%E5%BE%AE%E8%BD%AF%E9%9B%85%E9%BB%91" postScript="" weightStyle="Regular" weight="400" isBold="False" isItalic="False"/>
          <text>0%3A42</text>
          <textSize>16</textSize>
          <lineSpacing>0</lineSpacing>
          <useDefaultTextSize>False</useDefaultTextSize>
          <selectedIndex>-1</selectedIndex>
        </control>
      </groupChildrenDescriptors>
    </control>
    <control controlID="FB7BDE0D-1DEA-4D78-AA0B-7D8B0ACBE5D7" controlTypeID="__group__" x="442" y="970" w="82" h="40" zOrder="9">
      <groupChildrenDescriptors>
        <control controlID="1C5BF665-FABF-4F0E-AEEB-0A7270081502" controlTypeID="Shape" x="0" y="0" w="82" h="40" zOrder="0">
          <color>4291611852</color>
          <borderVisible>False</borderVisible>
          <font family="%E5%BE%AE%E8%BD%AF%E9%9B%85%E9%BB%91" displayName="%E5%BE%AE%E8%BD%AF%E9%9B%85%E9%BB%91" postScript="" weightStyle="Regular" weight="400" isBold="False" isItalic="False"/>
          <textSize>14</textSize>
          <selectedIndex>-1</selectedIndex>
        </control>
        <control controlID="738F2180-3402-42AF-8561-7904C672F646" controlTypeID="Icon" x="6" y="10" w="20" h="20" zOrder="1">
          <icon>
            <ID/>
            <iconFontName>jdIonicons</iconFontName>
            <iconCode>62307</iconCode>
          </icon>
          <URL>2B26C789AF3EFEA925A6893B9D4A201A.svg</URL>
        </control>
        <control controlID="79C4B841-6E93-4AE5-8BE1-AE1C9FC7FEBF" controlTypeID="Label" x="35" y="9" w="31" h="22" zOrder="2">
          <font family="%E5%BE%AE%E8%BD%AF%E9%9B%85%E9%BB%91" displayName="%E5%BE%AE%E8%BD%AF%E9%9B%85%E9%BB%91" postScript="" weightStyle="Regular" weight="400" isBold="False" isItalic="False"/>
          <text>0%3A42</text>
          <textSize>16</textSize>
          <lineSpacing>0</lineSpacing>
          <useDefaultTextSize>False</useDefaultTextSize>
          <selectedIndex>-1</selectedIndex>
        </control>
      </groupChildrenDescriptors>
    </control>
    <control controlID="8C18FEC7-1C1A-4BCA-9876-2E013639B540" controlTypeID="__group__" x="695" y="969" w="82" h="40" zOrder="10">
      <groupChildrenDescriptors>
        <control controlID="D65688B3-CC48-49BF-B5E6-90672E611273" controlTypeID="Shape" x="0" y="0" w="82" h="40" zOrder="0">
          <color>4291611852</color>
          <borderVisible>False</borderVisible>
          <font family="%E5%BE%AE%E8%BD%AF%E9%9B%85%E9%BB%91" displayName="%E5%BE%AE%E8%BD%AF%E9%9B%85%E9%BB%91" postScript="" weightStyle="Regular" weight="400" isBold="False" isItalic="False"/>
          <textSize>14</textSize>
          <selectedIndex>-1</selectedIndex>
        </control>
        <control controlID="A2D14291-839D-4853-95AA-2EA17AFBBBA4" controlTypeID="Icon" x="6" y="10" w="20" h="20" zOrder="1">
          <icon>
            <ID/>
            <iconFontName>jdIonicons</iconFontName>
            <iconCode>62307</iconCode>
          </icon>
          <URL>2B26C789AF3EFEA925A6893B9D4A201A.svg</URL>
        </control>
        <control controlID="1F1F8491-A0CE-4FCA-B576-D91D5C0051A0" controlTypeID="Label" x="35" y="9" w="31" h="22" zOrder="2">
          <font family="%E5%BE%AE%E8%BD%AF%E9%9B%85%E9%BB%91" displayName="%E5%BE%AE%E8%BD%AF%E9%9B%85%E9%BB%91" postScript="" weightStyle="Regular" weight="400" isBold="False" isItalic="False"/>
          <text>0%3A42</text>
          <textSize>16</textSize>
          <lineSpacing>0</lineSpacing>
          <useDefaultTextSize>False</useDefaultTextSize>
          <selectedIndex>-1</selectedIndex>
        </control>
      </groupChildrenDescriptors>
    </control>
    <control controlID="4750F5E2-7321-4E30-8310-FC3EE782683E" controlTypeID="__group__" x="959" y="969" w="82" h="40" zOrder="11">
      <groupChildrenDescriptors>
        <control controlID="9E5B9E0A-F0B8-4D80-A422-8470488C7514" controlTypeID="Shape" x="0" y="0" w="82" h="40" zOrder="0">
          <color>4291611852</color>
          <borderVisible>False</borderVisible>
          <font family="%E5%BE%AE%E8%BD%AF%E9%9B%85%E9%BB%91" displayName="%E5%BE%AE%E8%BD%AF%E9%9B%85%E9%BB%91" postScript="" weightStyle="Regular" weight="400" isBold="False" isItalic="False"/>
          <textSize>14</textSize>
          <selectedIndex>-1</selectedIndex>
        </control>
        <control controlID="49738C90-0DFA-42BC-AA7A-3B8ADE3D9FB8" controlTypeID="Icon" x="6" y="10" w="20" h="20" zOrder="1">
          <icon>
            <ID/>
            <iconFontName>jdIonicons</iconFontName>
            <iconCode>62307</iconCode>
          </icon>
          <URL>2B26C789AF3EFEA925A6893B9D4A201A.svg</URL>
        </control>
        <control controlID="0E0C38E2-827F-4166-A01C-274773BEC799" controlTypeID="Label" x="35" y="9" w="31" h="22" zOrder="2">
          <font family="%E5%BE%AE%E8%BD%AF%E9%9B%85%E9%BB%91" displayName="%E5%BE%AE%E8%BD%AF%E9%9B%85%E9%BB%91" postScript="" weightStyle="Regular" weight="400" isBold="False" isItalic="False"/>
          <text>0%3A42</text>
          <textSize>16</textSize>
          <lineSpacing>0</lineSpacing>
          <useDefaultTextSize>False</useDefaultTextSize>
          <selectedIndex>-1</selectedIndex>
        </control>
      </groupChildrenDescriptors>
    </control>
    <control controlID="431C9E5B-DAF5-4B92-A89A-877C55ABA379" controlTypeID="Icon" x="40" y="1083" w="18" h="18" zOrder="12">
      <color>4288256409</color>
      <icon>
        <ID/>
        <iconFontName>jdIonicons</iconFontName>
        <iconCode>62387</iconCode>
      </icon>
      <URL>0CCFED0BD1BC3BB4D610117937314139.svg</URL>
    </control>
    <control controlID="521D2E32-450E-478E-9020-EE2B68BC082D" controlTypeID="Icon" x="275" y="1083" w="18" h="18" zOrder="13">
      <color>4288256409</color>
      <icon>
        <ID/>
        <iconFontName>jdIonicons</iconFontName>
        <iconCode>62387</iconCode>
      </icon>
      <URL>0CCFED0BD1BC3BB4D610117937314139.svg</URL>
    </control>
    <control controlID="32582F1A-2CE9-47B6-8015-A055C5B7A5EF" controlTypeID="Icon" x="562" y="1083" w="18" h="18" zOrder="14">
      <color>4288256409</color>
      <icon>
        <ID/>
        <iconFontName>jdIonicons</iconFontName>
        <iconCode>62387</iconCode>
      </icon>
      <URL>0CCFED0BD1BC3BB4D610117937314139.svg</URL>
    </control>
    <control controlID="D537C014-89DE-4746-ADB8-CD45BB7CDEC7" controlTypeID="Icon" x="820" y="1083" w="18" h="18" zOrder="15">
      <color>4288256409</color>
      <icon>
        <ID/>
        <iconFontName>jdIonicons</iconFontName>
        <iconCode>62387</iconCode>
      </icon>
      <URL>0CCFED0BD1BC3BB4D610117937314139.svg</URL>
    </control>
    <control controlID="A752339B-BF50-498F-AAC0-F56E8E6831C1" controlTypeID="Label" x="60" y="1082" w="46" h="19" zOrder="16">
      <color>16777215</color>
      <font family="%E5%BE%AE%E8%BD%AF%E9%9B%85%E9%BB%91" displayName="%E5%BE%AE%E8%BD%AF%E9%9B%85%E9%BB%91" postScript="" weightStyle="Regular" weight="400" isBold="False" isItalic="False"/>
      <text>2h+ago</text>
      <textColor>4281545523</textColor>
      <lineSpacing>0</lineSpacing>
      <selectedIndex>-1</selectedIndex>
    </control>
    <control controlID="2691EE73-A039-4EF7-9670-CD03C0C9C09F" controlTypeID="Label" x="303" y="1082" w="46" h="19" zOrder="17">
      <color>16777215</color>
      <font family="%E5%BE%AE%E8%BD%AF%E9%9B%85%E9%BB%91" displayName="%E5%BE%AE%E8%BD%AF%E9%9B%85%E9%BB%91" postScript="" weightStyle="Regular" weight="400" isBold="False" isItalic="False"/>
      <text>2h+ago</text>
      <textColor>4281545523</textColor>
      <lineSpacing>0</lineSpacing>
      <selectedIndex>-1</selectedIndex>
    </control>
    <control controlID="BFFA5990-FC3A-4BF7-B2A7-D8078B14CD63" controlTypeID="Label" x="590" y="1082" w="46" h="19" zOrder="18">
      <color>16777215</color>
      <font family="%E5%BE%AE%E8%BD%AF%E9%9B%85%E9%BB%91" displayName="%E5%BE%AE%E8%BD%AF%E9%9B%85%E9%BB%91" postScript="" weightStyle="Regular" weight="400" isBold="False" isItalic="False"/>
      <text>2h+ago</text>
      <textColor>4281545523</textColor>
      <lineSpacing>0</lineSpacing>
      <selectedIndex>-1</selectedIndex>
    </control>
    <control controlID="815DDABB-FCAF-4BCF-9B59-53557F6704F9" controlTypeID="Label" x="848" y="1082" w="46" h="19" zOrder="19">
      <color>16777215</color>
      <font family="%E5%BE%AE%E8%BD%AF%E9%9B%85%E9%BB%91" displayName="%E5%BE%AE%E8%BD%AF%E9%9B%85%E9%BB%91" postScript="" weightStyle="Regular" weight="400" isBold="False" isItalic="False"/>
      <text>2h+ago</text>
      <textColor>4281545523</textColor>
      <lineSpacing>0</lineSpacing>
      <selectedIndex>-1</selectedIndex>
    </control>
    <control controlID="4E3DFE2D-EFA8-4E97-BF29-069E3663A4AF" controlTypeID="TextArea" x="30" y="1384" w="321" h="55" zOrder="20">
      <states>
        <state propName="TextColor" stateType="state_mouseOver" isChecked="True" value="4279468193" varType="20"/>
      </states>
      <color>0</color>
      <font family="%E5%BE%AE%E8%BD%AF%E9%9B%85%E9%BB%91" displayName="%E5%BE%AE%E8%BD%AF%E9%9B%85%E9%BB%91+Bold" postScript="" weightStyle="Bold" weight="700" isBold="True" isItalic="False"/>
      <text>VW+takes+blame+for+exhaust+tests</text>
      <textColor>4281545523</textColor>
      <textSize>18</textSize>
      <textStyles>[fsBold]</textStyles>
      <useDefaultTextSize>False</useDefaultTextSize>
      <selectedIndex>-1</selectedIndex>
    </control>
    <control controlID="6F844B64-3F1B-4743-AD65-1CCE8F38FFF1" controlTypeID="TextArea" x="20" y="1133" w="407" h="30" zOrder="21">
      <states>
        <state propName="TextColor" stateType="state_mouseOver" isChecked="True" value="4279468193" varType="20"/>
      </states>
      <color>0</color>
      <font family="%E5%BE%AE%E8%BD%AF%E9%9B%85%E9%BB%91" displayName="%E5%BE%AE%E8%BD%AF%E9%9B%85%E9%BB%91+Bold" postScript="" weightStyle="Bold" weight="700" isBold="True" isItalic="False"/>
      <text>What+you+have+watched+recently%3A</text>
      <textColor>4281545523</textColor>
      <textSize>20</textSize>
      <textStyles>[fsBold]</textStyles>
      <useDefaultTextSize>False</useDefaultTextSize>
      <selectedIndex>-1</selectedIndex>
    </control>
    <control controlID="30524D7F-2F62-4F84-9F8A-E361EE1E5957" controlTypeID="TextArea" x="396" y="1384" w="328" h="57" zOrder="22">
      <states>
        <state propName="TextColor" stateType="state_mouseOver" isChecked="True" value="4279468193" varType="20"/>
      </states>
      <color>0</color>
      <font family="%E5%BE%AE%E8%BD%AF%E9%9B%85%E9%BB%91" displayName="%E5%BE%AE%E8%BD%AF%E9%9B%85%E9%BB%91+Bold" postScript="" weightStyle="Bold" weight="700" isBold="True" isItalic="False"/>
      <text>Ex+Volkswagen+executive+jailed+in+US</text>
      <textColor>4281545523</textColor>
      <textSize>18</textSize>
      <textStyles>[fsBold]</textStyles>
      <useDefaultTextSize>False</useDefaultTextSize>
      <selectedIndex>-1</selectedIndex>
    </control>
    <control controlID="210E2342-2F2F-4F96-A8DA-30D439033E59" controlTypeID="TextArea" x="769" y="1383" w="311" h="58" zOrder="23">
      <states>
        <state propName="TextColor" stateType="state_mouseOver" isChecked="True" value="4279468193" varType="20"/>
      </states>
      <color>0</color>
      <font family="%E5%BE%AE%E8%BD%AF%E9%9B%85%E9%BB%91" displayName="%E5%BE%AE%E8%BD%AF%E9%9B%85%E9%BB%91+Bold" postScript="" weightStyle="Bold" weight="700" isBold="True" isItalic="False"/>
      <text>VW+diesel+scandal+still+hitting+profits</text>
      <textColor>4281545523</textColor>
      <textSize>18</textSize>
      <textStyles>[fsBold]</textStyles>
      <useDefaultTextSize>False</useDefaultTextSize>
      <selectedIndex>-1</selectedIndex>
    </control>
    <control controlID="FCD099C8-D3B2-4C81-83CF-07EB544223FA" controlTypeID="Image" x="20" y="1190" w="290" h="190" zOrder="24">
      <opacity>0.5</opacity>
      <URL>07ADEC4753F84508C40C6E3D7F3C8172.jpg</URL>
    </control>
    <control controlID="F0D6B458-765C-4F70-AC06-0682055B997C" controlTypeID="Image" x="386" y="1190" w="309" h="193" zOrder="25">
      <opacity>0.5</opacity>
      <URL>E6A14D0B8017B1113D3263610DE348D2.jpg</URL>
    </control>
    <control controlID="91A96F3E-A86E-4A03-9F6B-07A1557DB33F" controlTypeID="Image" x="759" y="1189" w="282" h="194" zOrder="26">
      <opacity>0.5</opacity>
      <URL>F3364653424FD28827CF948A13C93E56.jpg</URL>
    </control>
    <control controlID="94D011C8-9B57-48AA-A511-DED1C344827C" controlTypeID="Shape" x="0" y="0" w="1100" h="54" zOrder="27">
      <color>4294954086</color>
      <borderColor>4292730333</borderColor>
      <font family="%E5%BE%AE%E8%BD%AF%E9%9B%85%E9%BB%91" displayName="%E5%BE%AE%E8%BD%AF%E9%9B%85%E9%BB%91" postScript="" weightStyle="Regular" weight="400" isBold="False" isItalic="False"/>
      <textSize>14</textSize>
      <selectedIndex>-1</selectedIndex>
    </control>
    <control controlID="31DDFD28-401A-4156-A8DC-5A4EF2D63F5A" controlTypeID="Shape" x="187" y="0" w="108" h="54" zOrder="28">
      <color>4294954086</color>
      <borderVisible>False</borderVisible>
      <links eventType="AtClick" animate="AmNone" animateAutoDelay="0" animateDuration="500">
        <link targetPageID="FFCF20B9-7DF9-499E-A761-1E43C158F017" linkType="ltPageLink" isApplyIncludePage="False" title="Home">
          <area shape="0" alt="" ID="{B0F246FA-75D1-4481-B23D-6397A19B7D4D}" coords="(0,0,108,54)"/>
        </link>
      </links>
      <font family="%E5%BE%AE%E8%BD%AF%E9%9B%85%E9%BB%91" displayName="%E5%BE%AE%E8%BD%AF%E9%9B%85%E9%BB%91" postScript="" weightStyle="Regular" weight="400" isBold="False" isItalic="False"/>
      <text>Home</text>
      <textSize>18</textSize>
      <useDefaultTextSize>False</useDefaultTextSize>
      <selectedIndex>-1</selectedIndex>
    </control>
    <control controlID="1AE5AA0B-80CF-4156-82DE-FF5600F63F18" controlTypeID="Shape" x="287" y="0" w="108" h="54" zOrder="29">
      <color>4294954086</color>
      <borderVisible>False</borderVisible>
      <interactiveData>
        <entry title="">
          <area shape="0" alt="" ID="{46CB7553-ECD2-4F0F-87E0-F2BE322D88E6}" coords="(0,0,108,54)"/>
          <events title="">
            <event eventType="atClick" isChecked="True">
              <behaviour title="" isChecked="True" isWait="False" isLoop="False" execMode="emParallel">
                <target targetID="6F2FA322-3455-42E6-A485-063FB8C1EE4C" isChecked="True" isAutoRecovery="False" isLoop="False" execMode="emSequence">
                  <command name="Change Visibility" isChecked="True" descrition="">
                    <param name="AniInterpolation" value="1" varType="3" description=""/>
                    <param name="AniDuration" value="200" varType="3" description=""/>
                    <param name="AniAutoReverse" value="False" varType="11" description=""/>
                    <param name="AniLoop" value="False" varType="11" description=""/>
                    <param name="AniInterpolationTypeOut" value="False" varType="11" description=""/>
                    <param name="Delay" value="0" varType="3" description=""/>
                    <param name="ValueFromCurrent" value="True" varType="11" description=""/>
                    <param name="ForceFromInitValue" value="False" varType="11" description=""/>
                    <param name="ForceSetVisible" value="False" varType="11" description=""/>
                    <param name="Value" value="2" varType="3" description=""/>
                    <param name="TerminateLoopByClick" value="True" varType="11" description=""/>
                  </command>
                </target>
              </behaviour>
            </event>
          </events>
        </entry>
      </interactiveData>
      <font family="%E5%BE%AE%E8%BD%AF%E9%9B%85%E9%BB%91" displayName="%E5%BE%AE%E8%BD%AF%E9%9B%85%E9%BB%91" postScript="" weightStyle="Regular" weight="400" isBold="False" isItalic="False"/>
      <text>News</text>
      <textSize>18</textSize>
      <useDefaultTextSize>False</useDefaultTextSize>
      <selectedIndex>-1</selectedIndex>
    </control>
    <control controlID="45228356-22F8-4AAB-B7F1-A853974168D1" controlTypeID="Shape" x="388" y="0" w="108" h="54" zOrder="30">
      <color>4294954086</color>
      <borderVisible>False</borderVisible>
      <links eventType="AtClick" animate="AmNone" animateAutoDelay="0" animateDuration="500">
        <link targetPageID="1A622BC5-3642-413D-AD0C-053CCF1B3636" linkType="ltPageLink" isApplyIncludePage="False" title="Accessibility">
          <area shape="0" alt="" ID="{0C02B0DC-B0B6-4185-B2BB-FB05A663F3DA}" coords="(0,0,108,54)"/>
        </link>
      </links>
      <font family="%E5%BE%AE%E8%BD%AF%E9%9B%85%E9%BB%91" displayName="%E5%BE%AE%E8%BD%AF%E9%9B%85%E9%BB%91" postScript="" weightStyle="Regular" weight="400" isBold="False" isItalic="False"/>
      <text>Accessibility</text>
      <textSize>18</textSize>
      <useDefaultTextSize>False</useDefaultTextSize>
      <selectedIndex>-1</selectedIndex>
    </control>
    <control controlID="7178D155-A47E-442A-B484-2AA933D6A867" controlTypeID="Shape" x="506" y="0" w="108" h="54" zOrder="31">
      <color>4294954086</color>
      <borderVisible>False</borderVisible>
      <interactiveData>
        <entry title="">
          <area shape="0" alt="" ID="{53C1336E-0B7D-4678-BF68-24EF58CF2066}" coords="(0,0,108,54)"/>
          <events title="">
            <event eventType="atClick" isChecked="True">
              <behaviour title="" isChecked="True" isWait="False" isLoop="False" execMode="emParallel">
                <target targetID="1516D3BD-2755-4C73-A56F-69394E13966F" isChecked="True" isAutoRecovery="False" isLoop="False" execMode="emSequence">
                  <command name="Change Visibility" isChecked="True" descrition="">
                    <param name="AniInterpolation" value="1" varType="3" description=""/>
                    <param name="AniDuration" value="200" varType="3" description=""/>
                    <param name="AniAutoReverse" value="False" varType="11" description=""/>
                    <param name="AniLoop" value="False" varType="11" description=""/>
                    <param name="AniInterpolationTypeOut" value="False" varType="11" description=""/>
                    <param name="Delay" value="0" varType="3" description=""/>
                    <param name="ValueFromCurrent" value="True" varType="11" description=""/>
                    <param name="ForceFromInitValue" value="False" varType="11" description=""/>
                    <param name="ForceSetVisible" value="False" varType="11" description=""/>
                    <param name="Value" value="2" varType="3" description=""/>
                    <param name="TerminateLoopByClick" value="True" varType="11" description=""/>
                  </command>
                </target>
              </behaviour>
            </event>
          </events>
        </entry>
      </interactiveData>
      <font family="%E5%BE%AE%E8%BD%AF%E9%9B%85%E9%BB%91" displayName="%E5%BE%AE%E8%BD%AF%E9%9B%85%E9%BB%91" postScript="" weightStyle="Regular" weight="400" isBold="False" isItalic="False"/>
      <text>More</text>
      <textSize>18</textSize>
      <useDefaultTextSize>False</useDefaultTextSize>
      <selectedIndex>-1</selectedIndex>
    </control>
    <control controlID="74650F39-3409-4CA8-9A2B-2DD03B442A27" controlTypeID="Search" x="639" y="10" w="228" h="35" zOrder="32">
      <links eventType="AtClick" animate="AmNone" animateAutoDelay="0" animateDuration="500">
        <link targetPageID="5AF0D781-1C69-4FD1-AC90-D6CB9AB4BF0D" linkType="ltPageLink" isApplyIncludePage="False" title="Search">
          <area shape="0" alt="" ID="{274FE778-A1FF-4B5E-A26B-916E3754E59E}" coords="(0,0,228,35)"/>
        </link>
      </links>
      <font family="%E5%BE%AE%E8%BD%AF%E9%9B%85%E9%BB%91" displayName="%E5%BE%AE%E8%BD%AF%E9%9B%85%E9%BB%91" postScript="" weightStyle="Regular" weight="400" isBold="False" isItalic="False"/>
      <textSize>14</textSize>
      <textVAlign>VaTop</textVAlign>
      <lineSpacing>0</lineSpacing>
      <selectedIndex>-1</selectedIndex>
    </control>
    <control controlID="0CA07FA6-14D1-4DEE-BE83-216A771D426F" controlTypeID="TextArea" x="20" y="842" w="407" h="30" zOrder="33">
      <states>
        <state propName="TextColor" stateType="state_mouseOver" isChecked="True" value="4279468193" varType="20"/>
      </states>
      <color>0</color>
      <font family="%E5%BE%AE%E8%BD%AF%E9%9B%85%E9%BB%91" displayName="%E5%BE%AE%E8%BD%AF%E9%9B%85%E9%BB%91+Bold" postScript="" weightStyle="Bold" weight="700" isBold="True" isItalic="False" useDefaultFontFamily="False"/>
      <text>The+most+popular+news+world-wide%3A</text>
      <textColor>4281545523</textColor>
      <textSize>20</textSize>
      <textStyles>[fsBold]</textStyles>
      <useDefaultTextSize>False</useDefaultTextSize>
      <selectedIndex>-1</selectedIndex>
    </control>
    <control controlID="3AF5EDD2-8936-44E7-8D3B-3CCDD93A78C5" controlTypeID="Image" x="386" y="824" w="48" h="48" zOrder="34">
      <interactiveData>
        <entry title="">
          <area shape="0" alt="" ID="{E49128F2-0557-49F5-988B-34356A461973}" coords="(0,0,48,48)"/>
          <events title="">
            <event eventType="atLoad" isChecked="True">
              <behaviour title="" isChecked="True" isWait="False" isLoop="False" execMode="emParallel">
                <target targetID="3AF5EDD2-8936-44E7-8D3B-3CCDD93A78C5" IsNeedReplaceAsSelfID="True" isChecked="True" isAutoRecovery="False" isLoop="False" execMode="emSequence">
                  <command name="Resize" isChecked="True" descrition="">
                    <param name="AniInterpolation" value="1" varType="3" description=""/>
                    <param name="AniDuration" value="200" varType="3" description=""/>
                    <param name="AniAutoReverse" value="False" varType="11" description=""/>
                    <param name="AniLoop" value="False" varType="11" description=""/>
                    <param name="AniInterpolationTypeOut" value="False" varType="11" description=""/>
                    <param name="Delay" value="0" varType="3" description=""/>
                    <param name="ValueFromCurrent" value="True" varType="11" description=""/>
                    <param name="ResizeDirection" value="0" varType="3" description=""/>
                    <param name="ValueMode" value="0" varType="3" description=""/>
                    <param name="FromWidth" value="0" varType="3" description=""/>
                    <param name="FromHeight" value="0" varType="3" description=""/>
                    <param name="ToWidth" value="1" varType="4" description=""/>
                    <param name="ToHeight" value="1" varType="4" description=""/>
                    <param name="ToX" value="0" varType="3" description=""/>
                    <param name="ToY" value="0" varType="3" description=""/>
                    <param name="TerminateLoopByClick" value="True" varType="11" description=""/>
                  </command>
                </target>
              </behaviour>
            </event>
          </events>
        </entry>
      </interactiveData>
      <URL>922528A5CC2149E5256E8A781D72B653.png</URL>
    </control>
    <control controlID="ADCA631C-447C-4A1B-94E0-71E162094DA5" controlTypeID="Image" x="388" y="1125" w="45" h="46" zOrder="35">
      <interactiveData>
        <entry title="">
          <area shape="0" alt="" ID="{1C95D045-86F5-4F41-AFA9-0AC9F5349496}" coords="(0,0,45,46)"/>
          <events title="">
            <event eventType="atLoad" isChecked="True">
              <behaviour title="" isChecked="True" isWait="False" isLoop="False" execMode="emParallel">
                <target targetID="ADCA631C-447C-4A1B-94E0-71E162094DA5" IsNeedReplaceAsSelfID="True" isChecked="True" isAutoRecovery="False" isLoop="False" execMode="emSequence">
                  <command name="Resize" isChecked="True" descrition="">
                    <param name="AniInterpolation" value="1" varType="3" description=""/>
                    <param name="AniDuration" value="200" varType="3" description=""/>
                    <param name="AniAutoReverse" value="False" varType="11" description=""/>
                    <param name="AniLoop" value="False" varType="11" description=""/>
                    <param name="AniInterpolationTypeOut" value="False" varType="11" description=""/>
                    <param name="Delay" value="0" varType="3" description=""/>
                    <param name="ValueFromCurrent" value="True" varType="11" description=""/>
                    <param name="ResizeDirection" value="0" varType="3" description=""/>
                    <param name="ValueMode" value="0" varType="3" description=""/>
                    <param name="FromWidth" value="0" varType="3" description=""/>
                    <param name="FromHeight" value="0" varType="3" description=""/>
                    <param name="ToWidth" value="1" varType="4" description=""/>
                    <param name="ToHeight" value="1" varType="4" description=""/>
                    <param name="ToX" value="0" varType="3" description=""/>
                    <param name="ToY" value="0" varType="3" description=""/>
                    <param name="TerminateLoopByClick" value="True" varType="11" description=""/>
                  </command>
                </target>
              </behaviour>
            </event>
          </events>
        </entry>
      </interactiveData>
      <URL>A1A3A521C8092790B1B71C1DE81FF476.png</URL>
    </control>
    <control controlID="D3CFD58B-73B5-4ACF-AE44-FE9EAFC52777" controlTypeID="Tab" x="766" y="1525" w="305" h="570" zOrder="36">
      <borderVisible>False</borderVisible>
      <font family="%E5%BE%AE%E8%BD%AF%E9%9B%85%E9%BB%91" displayName="%E5%BE%AE%E8%BD%AF%E9%9B%85%E9%BB%91" postScript="" weightStyle="Regular" weight="400" isBold="False" isItalic="False"/>
      <text>%E6%9C%80%E6%96%B0%2C%E6%9C%80%E7%83%AD</text>
      <textSize>18</textSize>
      <lineSpacing>0</lineSpacing>
      <useDefaultTextSize>False</useDefaultTextSize>
    </control>
    <control controlID="C659340C-D1BE-431D-A775-0FA43ACF2BE2" controlTypeID="QRCode" x="840" y="2276" w="120" h="120" zOrder="37"/>
    <control controlID="B5DBD1A0-D934-4C4D-A0D3-C4FE03D77A48" controlTypeID="Label" x="848" y="2161" w="89" h="27" zOrder="38">
      <font family="%E5%BE%AE%E8%BD%AF%E9%9B%85%E9%BB%91" displayName="%E5%BE%AE%E8%BD%AF%E9%9B%85%E9%BB%91" postScript="" weightStyle="Regular" weight="400" isBold="False" isItalic="False"/>
      <text>Follow+us</text>
      <textSize>20</textSize>
      <lineSpacing>0</lineSpacing>
      <useDefaultTextSize>False</useDefaultTextSize>
      <selectedIndex>-1</selectedIndex>
    </control>
    <control controlID="83EA5812-04A5-40C0-98A4-E1E4AA77781E" controlTypeID="ImageCarousel" x="20" y="1540" w="675" h="555" zOrder="39">
      <groupChildrenDescriptors>
        <control controlID="E804DC12-1B08-4E49-9365-E35B1194A927" controlTypeID="ImageBackground" x="0" y="0" w="675" h="555" zOrder="0">
          <caption>6DD5C2BCC26FE0B76B2B35BAA1BFAF71</caption>
          <groupChildrenDescriptors/>
          <URL>52881AF268FBDE0001B56F25E8774A72.png</URL>
        </control>
        <control controlID="CEDEF8F4-5478-48BE-AB48-FF8951257B3D" controlTypeID="ImageBackground" x="0" y="0" w="675" h="555" zOrder="1">
          <caption>54C4E2DCA1361269C381CBA1F31B5E82</caption>
          <groupChildrenDescriptors/>
          <URL>80A46FF6C9401F81FD9BBE9E4450606F.png</URL>
        </control>
        <control controlID="4E12DEEC-F31B-4294-B6A2-9A7E73954D4D" controlTypeID="ImageBackground" x="0" y="0" w="675" h="555" zOrder="2">
          <caption>937E3ADFE456EC168974E50AD5DFDEC1</caption>
          <groupChildrenDescriptors/>
          <URL>345D22F934A2BFC7F96A6E197BE4F852.png</URL>
        </control>
      </groupChildrenDescriptors>
      <selectedIndex>2</selectedIndex>
    </control>
    <control controlID="E9B8F6F2-1A8A-4772-B646-342988357321" controlTypeID="TextInput" x="0" y="0" w="197" h="50" zOrder="40">
      <color>4294954086</color>
      <borderVisible>False</borderVisible>
      <font family="%E5%BE%AE%E8%BD%AF%E9%9B%85%E9%BB%91" displayName="%E5%BE%AE%E8%BD%AF%E9%9B%85%E9%BB%91+Bold" postScript="" weightStyle="Bold" weight="700" isBold="True" isItalic="False"/>
      <text>Date%3A2018%2F12%2F18</text>
      <textSize>18</textSize>
      <textAlign>HaCenter</textAlign>
      <lineSpacing>0</lineSpacing>
      <textStyles>[fsBold]</textStyles>
      <useDefaultTextSize>False</useDefaultTextSize>
      <selectedIndex>-1</selectedIndex>
    </control>
    <control controlID="8759067B-4836-401E-A8F1-EF9895DBAD0E" controlTypeID="Image" x="759" y="1436" w="65" h="65" zOrder="41">
      <URL>05879CF4BC7C04EF70F897521BA6BAF4.png</URL>
    </control>
    <control controlID="82A771FC-640E-4389-9A4C-4119A12FB82E" controlTypeID="Image" x="388" y="1441" w="65" h="65" zOrder="42">
      <URL>05879CF4BC7C04EF70F897521BA6BAF4.png</URL>
    </control>
    <control controlID="2EDAF3FA-B690-47D6-AA0B-F5E7410DC871" controlTypeID="Image" x="10" y="1442" w="65" h="65" zOrder="43">
      <URL>05879CF4BC7C04EF70F897521BA6BAF4.png</URL>
    </control>
    <control controlID="0AC7BDCF-34AD-4B52-A26D-DF3A241E3B6E" controlTypeID="Image" x="834" y="1436" w="65" h="65" zOrder="44">
      <URL>F8B7C00C8873072CE25570834476261D.png</URL>
    </control>
    <control controlID="F850371C-C4A1-4190-8A6D-B773BB7CF1D9" controlTypeID="Image" x="453" y="1442" w="65" h="65" zOrder="45">
      <URL>F8B7C00C8873072CE25570834476261D.png</URL>
    </control>
    <control controlID="2B40D8BE-5DD1-4C09-AA92-43FF96769319" controlTypeID="Image" x="75" y="1442" w="65" h="65" zOrder="46">
      <URL>F8B7C00C8873072CE25570834476261D.png</URL>
    </control>
    <control controlID="51C0EFB8-FAD6-4E3D-9253-F26A5C24B399" controlTypeID="Image" x="899" y="1436" w="101" h="65" zOrder="47">
      <URL>CDCBBD6BEDDF96F1654B83CB572C1AB3.png</URL>
    </control>
    <control controlID="799B5494-7C29-4B2F-A8CF-AF8C9923B28F" controlTypeID="Image" x="528" y="1436" w="101" h="65" zOrder="48">
      <URL>CDCBBD6BEDDF96F1654B83CB572C1AB3.png</URL>
    </control>
    <control controlID="3F62CC19-6CC7-4DC3-B05A-A4989A550977" controlTypeID="Image" x="150" y="1442" w="101" h="65" zOrder="49">
      <URL>CDCBBD6BEDDF96F1654B83CB572C1AB3.png</URL>
    </control>
    <control controlID="CFF8FC7E-9842-4F33-8462-84188C13DAD0" controlTypeID="Label" x="980" y="1111" w="45" h="19" zOrder="50">
      <font family="%E5%BE%AE%E8%BD%AF%E9%9B%85%E9%BB%91" displayName="%E5%BE%AE%E8%BD%AF%E9%9B%85%E9%BB%91" postScript="" weightStyle="Regular" weight="400" isBold="False" isItalic="False"/>
      <text>More...</text>
      <lineSpacing>0</lineSpacing>
      <selectedIndex>-1</selectedIndex>
    </control>
    <control controlID="182D02D4-CF9F-4B75-90DE-FCBFCD2AB48F" controlTypeID="Label" x="1000" y="1501" w="45" h="19" zOrder="51">
      <font family="%E5%BE%AE%E8%BD%AF%E9%9B%85%E9%BB%91" displayName="%E5%BE%AE%E8%BD%AF%E9%9B%85%E9%BB%91" postScript="" weightStyle="Regular" weight="400" isBold="False" isItalic="False"/>
      <text>More...</text>
      <lineSpacing>0</lineSpacing>
      <selectedIndex>-1</selectedIndex>
    </control>
    <control controlID="EBA3F007-2C74-45E0-9E5F-72F26B5FA96A" controlTypeID="ButtonBar" x="778" y="2218" w="232" h="28" zOrder="52">
      <color>16724940</color>
      <font family="%E5%BE%AE%E8%BD%AF%E9%9B%85%E9%BB%91" displayName="%E5%BE%AE%E8%BD%AF%E9%9B%85%E9%BB%91" postScript="" weightStyle="Regular" weight="400" isBold="False" isItalic="False"/>
      <text>Twitter%2CFacebook</text>
      <textSize>14</textSize>
      <lineSpacing>0</lineSpacing>
    </control>
    <control controlID="3EF502D2-8798-4B3E-9671-9A8BD47D6804" controlTypeID="Shape" x="0" y="2700" w="1100" h="120" zOrder="53">
      <font family="%E5%BE%AE%E8%BD%AF%E9%9B%85%E9%BB%91" displayName="%E5%BE%AE%E8%BD%AF%E9%9B%85%E9%BB%91" postScript="" weightStyle="Regular" weight="400" isBold="False" isItalic="False"/>
      <text>News+Service%0DOn+your+mobile++On+your+computer++Get+new+alerts++Contact+with+us+</text>
      <textSize>20</textSize>
      <useDefaultTextSize>False</useDefaultTextSize>
      <selectedIndex>-1</selectedIndex>
    </control>
    <control controlID="DFA54872-72D4-485F-A90B-DD3AD6071979" controlTypeID="Shape" x="776" y="2136" w="236" h="270" zOrder="54">
      <isShow>False</isShow>
      <font family="%E5%BE%AE%E8%BD%AF%E9%9B%85%E9%BB%91" displayName="%E5%BE%AE%E8%BD%AF%E9%9B%85%E9%BB%91" postScript="" weightStyle="Regular" weight="400" isBold="False" isItalic="False"/>
      <textSize>14</textSize>
      <selectedIndex>-1</selectedIndex>
    </control>
    <control controlID="6F2FA322-3455-42E6-A485-063FB8C1EE4C" controlTypeID="List" x="259" y="50" w="168" h="252" zOrder="55">
      <isShow>False</isShow>
      <color>4294954086</color>
      <borderVisible>False</borderVisible>
      <links eventType="AtClick" animate="AmNone" animateAutoDelay="0" animateDuration="500">
        <link targetPageID="EF538E16-EF42-4721-A8F7-09E90520BB10" linkType="ltPageLink" isApplyIncludePage="False" title="World">
          <area shape="0" alt="" ID="{F92D3D7D-DD6D-4DF8-9985-EB5AA538C568}" coords="(1,1,167,26)"/>
        </link>
        <link targetPageID="" linkType="ltPageLink" isApplyIncludePage="False" title="Asia">
          <area shape="0" alt="" ID="{425336C7-BBA1-4FE4-A82D-AB5D8CC21B50}" coords="(1,26,167,51)"/>
        </link>
        <link targetPageID="" linkType="ltPageLink" isApplyIncludePage="False" title="Business">
          <area shape="0" alt="" ID="{33001601-FD58-4E4F-9A10-0A638F1AD6AA}" coords="(1,51,167,76)"/>
        </link>
      </links>
      <font family="%E5%BE%AE%E8%BD%AF%E9%9B%85%E9%BB%91" displayName="%E5%BE%AE%E8%BD%AF%E9%9B%85%E9%BB%91" postScript="" weightStyle="Regular" weight="400" isBold="False" isItalic="False"/>
      <text>World%0D%0AAsia%0D%0ABusiness%0D%0A</text>
      <textSize>14</textSize>
      <textAlign>HaCenter</textAlign>
      <lineSpacing>0</lineSpacing>
    </control>
    <control controlID="1516D3BD-2755-4C73-A56F-69394E13966F" controlTypeID="List" x="482" y="50" w="168" h="252" zOrder="56">
      <isShow>False</isShow>
      <color>4294954086</color>
      <borderVisible>False</borderVisible>
      <font family="%E5%BE%AE%E8%BD%AF%E9%9B%85%E9%BB%91" displayName="%E5%BE%AE%E8%BD%AF%E9%9B%85%E9%BB%91" postScript="" weightStyle="Regular" weight="400" isBold="False" isItalic="False"/>
      <text>Sounds%0D%0ATV%0D%0ARadio%0D%0A</text>
      <textSize>14</textSize>
      <textAlign>HaCenter</textAlign>
      <lineSpacing>0</lineSpacing>
    </control>
    <control controlID="83945F9E-D9C4-49F7-AA19-BBC0467C99C7" controlTypeID="AvatarEx2" x="895" y="3" w="47" h="47" zOrder="57">
      <borderColor>4294033970</borderColor>
      <links eventType="AtClick" animate="AmNone" animateAutoDelay="0" animateDuration="500">
        <link targetPageID="77835173-852F-44CE-A06E-EC26B3F6FFCE" linkType="ltPageLink" isApplyIncludePage="False" title="%E4%B8%AA%E4%BA%BA%E4%B8%AD%E5%BF%83">
          <area shape="0" alt="" ID="{5F83E655-2BC7-4C0D-A440-BE2FD8D22364}" coords="(0,0,47,47)"/>
        </link>
      </links>
      <icon>
        <ID/>
        <iconFontName>jdiconfontB</iconFontName>
        <iconCode>59652</iconCode>
      </icon>
      <URL>467605F5F90D9FF65132C1A6EF883F26.svg</URL>
    </control>
    <control controlID="15BB5BC0-A463-4371-ABDD-14E3656986C7" controlTypeID="Shape" x="952" y="0" w="147" h="50" zOrder="58">
      <caption>name</caption>
      <color>4294954086</color>
      <borderVisible>False</borderVisible>
      <interactiveData>
        <entry title="">
          <area shape="0" alt="" ID="{5689733B-8091-4395-9186-05C818B95B64}" coords="(0,0,147,50)"/>
          <events title="">
            <event eventType="atClick" isChecked="True">
              <behaviour title="" isChecked="True" isWait="False" isLoop="False" execMode="emParallel">
                <target targetID="F88C5623-6587-41E3-ACF0-6AF72A7CCC59" isChecked="True" isAutoRecovery="True" isLoop="False" execMode="emParallel">
                  <command name="Change Visibility" isChecked="True" descrition="">
                    <param name="AniInterpolation" value="1" varType="3" description=""/>
                    <param name="AniDuration" value="0" varType="4" description=""/>
                    <param name="AniAutoReverse" value="False" varType="11" description=""/>
                    <param name="AniLoop" value="False" varType="11" description=""/>
                    <param name="AniInterpolationTypeOut" value="False" varType="11" description=""/>
                    <param name="Delay" value="0" varType="3" description=""/>
                    <param name="ValueFromCurrent" value="True" varType="11" description=""/>
                    <param name="ForceFromInitValue" value="False" varType="11" description=""/>
                    <param name="ForceSetVisible" value="False" varType="11" description=""/>
                    <param name="Value" value="2" varType="3" description=""/>
                    <param name="TerminateLoopByClick" value="True" varType="11" description=""/>
                  </command>
                </target>
              </behaviour>
            </event>
          </events>
        </entry>
      </interactiveData>
      <font family="%E5%BE%AE%E8%BD%AF%E9%9B%85%E9%BB%91" displayName="%E5%BE%AE%E8%BD%AF%E9%9B%85%E9%BB%91" postScript="" weightStyle="Regular" weight="400" isBold="False" isItalic="False"/>
      <text>Dr.Yan</text>
      <textSize>18</textSize>
      <useDefaultTextSize>False</useDefaultTextSize>
      <selectedIndex>-1</selectedIndex>
    </control>
    <control controlID="F88C5623-6587-41E3-ACF0-6AF72A7CCC59" controlTypeID="List" x="952" y="50" w="147" h="64" zOrder="59">
      <isShow>False</isShow>
      <color>4294954086</color>
      <borderVisible>False</borderVisible>
      <links eventType="AtClick" animate="AmNone" animateAutoDelay="0" animateDuration="500">
        <link targetPageID="FFCF20B9-7DF9-499E-A761-1E43C158F017" linkType="ltPageLink" isApplyIncludePage="False" title="Logout">
          <area shape="0" alt="" ID="{3D254719-0BD5-4A73-8207-F3894CEB2F0B}" coords="(0,0,147,28)"/>
        </link>
        <link targetPageID="77835173-852F-44CE-A06E-EC26B3F6FFCE" linkType="ltPageLink" isApplyIncludePage="False" title="Personal+center">
          <area shape="0" alt="" ID="{CC58A11D-1577-4CEB-89DE-29D5AA4ED60A}" coords="(0,28,147,56)"/>
        </link>
      </links>
      <font family="%E5%BE%AE%E8%BD%AF%E9%9B%85%E9%BB%91" displayName="%E5%BE%AE%E8%BD%AF%E9%9B%85%E9%BB%91" postScript="" weightStyle="Regular" weight="400" isBold="False" isItalic="False"/>
      <text>Logout%0D%0APersonal+center</text>
      <textSize>18</textSize>
      <textAlign>HaCenter</textAlign>
      <lineSpacing>0</lineSpacing>
      <useDefaultTextSize>False</useDefaultTextSize>
      <selectedIndex>-1</selectedIndex>
      <itemHeight>28</itemHeight>
    </control>
  </controls>
  <param>
    <backgroundColor>4294967295</backgroundColor>
    <fontSize>14</fontSize>
    <fontFamily>%E5%BE%AE%E8%BD%AF%E9%9B%85%E9%BB%91</fontFamily>
    <guideLines/>
  </param>
</mockup>