﻿<project version="2.9" name="项目(2)" ID="03AC4F50-5DAC-48FB-A898-345C449B2291">
  <params>
    <pageParam version="5.3" minAllowVersion="5.3"/>
    <projectParam version="2.9" minAllowVersion="2.9" platform="MtWeb" pageSize="(1100,6000)" backgroundColor="4294967295" fontSize="0" fontFamily="" projectType="ptPersonalProject" isShowTitleIndex="False"/>
    <previewParam version="1.0"/>
    <colorParam version="1.0"/>
  </params>
  <pages>
    <page name="Home" ID="FFCF20B9-7DF9-499E-A761-1E43C158F017" expanded="False" code="YfFlXAEKkw" thumbCode="GSVozV5nxk" status="psWhite" isfolder="False" isshownode="True">
      <images>
        <image key="922528A5CC2149E5256E8A781D72B653.png"/>
        <image key="2B26C789AF3EFEA925A6893B9D4A201A.svg"/>
        <image key="345D22F934A2BFC7F96A6E197BE4F852.png"/>
        <image key="CDCBBD6BEDDF96F1654B83CB572C1AB3.png"/>
        <image key="05879CF4BC7C04EF70F897521BA6BAF4.png"/>
        <image key="0CCFED0BD1BC3BB4D610117937314139.svg"/>
        <image key="F8B7C00C8873072CE25570834476261D.png"/>
        <image key="07ADEC4753F84508C40C6E3D7F3C8172.jpg"/>
        <image key="A1A3A521C8092790B1B71C1DE81FF476.png"/>
        <image key="52881AF268FBDE0001B56F25E8774A72.png"/>
        <image key="80A46FF6C9401F81FD9BBE9E4450606F.png"/>
        <image key="F3364653424FD28827CF948A13C93E56.jpg"/>
        <image key="467605F5F90D9FF65132C1A6EF883F26.svg"/>
        <image key="E6A14D0B8017B1113D3263610DE348D2.jpg"/>
      </images>
    </page>
    <page name="News1" ID="8E147BAB-4068-42C4-84BA-4AA624A67010" expanded="True" code="RutkuSVfbc" thumbCode="RutkuSVfbc" isLastOpen="True" status="psWhite" isfolder="False" isshownode="True">
      <images>
        <image key="CF2C7296426C11DF67945056A367A461.png"/>
        <image key="F8B7C00C8873072CE25570834476261D.png"/>
        <image key="5FA922233AF2793F67489B72BB83EACF.png"/>
        <image key="CDCBBD6BEDDF96F1654B83CB572C1AB3.png"/>
        <image key="DBE4A8A7E05CA9AC0AB170C47740124B.jpg"/>
        <image key="05879CF4BC7C04EF70F897521BA6BAF4.png"/>
        <image key="467605F5F90D9FF65132C1A6EF883F26.svg"/>
        <image key="20870C1965FC72A619F15BCA300D0631.jpg"/>
        <image key="44650E15AC000ED0B84BFAE25297E9D8.jpg"/>
        <image key="A5CB6A9ACE601ED1EBC7B94C561F9ECA.jpg"/>
      </images>
    </page>
    <page name="Search" ID="5AF0D781-1C69-4FD1-AC90-D6CB9AB4BF0D" expanded="True" code="w2iv7KyHoA" thumbCode="w2iv7KyHoA" status="psWhite" isfolder="False" isshownode="True">
      <images>
        <image key="EFFAB6E3CC4F1AEF6ECC0AC0E56B8E09.png"/>
        <image key="467605F5F90D9FF65132C1A6EF883F26.svg"/>
        <image key="0CCFED0BD1BC3BB4D610117937314139.svg"/>
        <image key="3089F2B462ECA76A9ABF6E94856EF4EA.png"/>
        <image key="194097CA515504412616154E77BDCA76.png"/>
      </images>
    </page>
    <page name="注册" ID="BD450164-CBE8-4224-891B-07962285382D" expanded="True" code="2FGjfiqDhN" thumbCode="2FGjfiqDhN" status="psWhite" isfolder="False" isshownode="True">
      <images>
        <image key="467605F5F90D9FF65132C1A6EF883F26.svg"/>
      </images>
    </page>
    <page name="登陆" ID="1D6B670A-4FA1-4398-B534-00208812746B" expanded="True" code="aok2t31rOn" thumbCode="aok2t31rOn" status="psWhite" isfolder="False" isshownode="True">
      <images>
        <image key="467605F5F90D9FF65132C1A6EF883F26.svg"/>
      </images>
    </page>
    <page name="个人中心" ID="77835173-852F-44CE-A06E-EC26B3F6FFCE" expanded="True" code="3uZItWwjkJ" thumbCode="3uZItWwjkJ" status="psWhite" isfolder="False" isshownode="True">
      <images>
        <image key="87CC0316963BE0B0CE0BCAD15273B3B0.png"/>
        <image key="5FA922233AF2793F67489B72BB83EACF.png"/>
        <image key="620E9BFE9225223FD2B1FA8B7AF87417.png"/>
        <image key="DBE4A8A7E05CA9AC0AB170C47740124B.jpg"/>
        <image key="467605F5F90D9FF65132C1A6EF883F26.svg"/>
        <image key="20870C1965FC72A619F15BCA300D0631.jpg"/>
        <image key="21A92E50B4A22F5E1B7564F9D1F15F53.JPG"/>
        <image key="A5CB6A9ACE601ED1EBC7B94C561F9ECA.jpg"/>
      </images>
    </page>
    <page name="标签" ID="508AF5C8-009B-465D-991B-C62AF441F505" expanded="False" code="H5mGlt2SDb" thumbCode="H5mGlt2SDb" status="psWhite" isfolder="False" isshownode="True">
      <images>
        <image key="620E9BFE9225223FD2B1FA8B7AF87417.png"/>
        <image key="467605F5F90D9FF65132C1A6EF883F26.svg"/>
        <image key="21A92E50B4A22F5E1B7564F9D1F15F53.JPG"/>
        <image key="87CC0316963BE0B0CE0BCAD15273B3B0.png"/>
      </images>
    </page>
    <page name="收藏" ID="8463E8FA-DEF2-452F-A25F-056778B457C2" expanded="False" code="8PtzurPtdv" thumbCode="8PtzurPtdv" status="psWhite" isfolder="False" isshownode="True">
      <images>
        <image key="87CC0316963BE0B0CE0BCAD15273B3B0.png"/>
        <image key="5FA922233AF2793F67489B72BB83EACF.png"/>
        <image key="620E9BFE9225223FD2B1FA8B7AF87417.png"/>
        <image key="DBE4A8A7E05CA9AC0AB170C47740124B.jpg"/>
        <image key="467605F5F90D9FF65132C1A6EF883F26.svg"/>
        <image key="20870C1965FC72A619F15BCA300D0631.jpg"/>
        <image key="21A92E50B4A22F5E1B7564F9D1F15F53.JPG"/>
        <image key="A5CB6A9ACE601ED1EBC7B94C561F9ECA.jpg"/>
      </images>
    </page>
    <page name="历史" ID="6B5CF7FD-FE8C-4CD5-8BA0-DFA7B2ECF1F0" expanded="True" code="VyFheMTXNl" thumbCode="VyFheMTXNl" status="psWhite" isfolder="False" isshownode="True">
      <images>
        <image key="87CC0316963BE0B0CE0BCAD15273B3B0.png"/>
        <image key="5FA922233AF2793F67489B72BB83EACF.png"/>
        <image key="620E9BFE9225223FD2B1FA8B7AF87417.png"/>
        <image key="DBE4A8A7E05CA9AC0AB170C47740124B.jpg"/>
        <image key="467605F5F90D9FF65132C1A6EF883F26.svg"/>
        <image key="20870C1965FC72A619F15BCA300D0631.jpg"/>
        <image key="21A92E50B4A22F5E1B7564F9D1F15F53.JPG"/>
        <image key="A5CB6A9ACE601ED1EBC7B94C561F9ECA.jpg"/>
      </images>
    </page>
    <page name="订阅" ID="02213385-78DF-435E-8A5C-5F4F7E3E31F7" expanded="False" code="aWRgAy5DdI" thumbCode="aWRgAy5DdI" status="psWhite" isfolder="False" isshownode="True">
      <images>
        <image key="87CC0316963BE0B0CE0BCAD15273B3B0.png"/>
        <image key="5FA922233AF2793F67489B72BB83EACF.png"/>
        <image key="620E9BFE9225223FD2B1FA8B7AF87417.png"/>
        <image key="DBE4A8A7E05CA9AC0AB170C47740124B.jpg"/>
        <image key="467605F5F90D9FF65132C1A6EF883F26.svg"/>
        <image key="20870C1965FC72A619F15BCA300D0631.jpg"/>
        <image key="21A92E50B4A22F5E1B7564F9D1F15F53.JPG"/>
        <image key="A5CB6A9ACE601ED1EBC7B94C561F9ECA.jpg"/>
      </images>
    </page>
    <page name="编辑个人信息" ID="65C6F0A5-3FE9-49B9-A066-1EE60B946220" expanded="True" code="9B2BXkwhbK" thumbCode="9B2BXkwhbK" status="psWhite" isfolder="False" isshownode="True">
      <images>
        <image key="620E9BFE9225223FD2B1FA8B7AF87417.png"/>
        <image key="467605F5F90D9FF65132C1A6EF883F26.svg"/>
        <image key="21A92E50B4A22F5E1B7564F9D1F15F53.JPG"/>
      </images>
    </page>
    <page name="修改密码" ID="3185620F-D34C-4873-A742-6AFB7695EF40" expanded="True" code="xd2inoPx55" thumbCode="xd2inoPx55" status="psWhite" isfolder="False" isshownode="True">
      <images>
        <image key="620E9BFE9225223FD2B1FA8B7AF87417.png"/>
        <image key="467605F5F90D9FF65132C1A6EF883F26.svg"/>
        <image key="21A92E50B4A22F5E1B7564F9D1F15F53.JPG"/>
      </images>
    </page>
    <page name="World" ID="EF538E16-EF42-4721-A8F7-09E90520BB10" expanded="True" code="4OOaKuqiZO" thumbCode="4OOaKuqiZO" status="psWhite" isfolder="False" isshownode="True">
      <images>
        <image key="8F04C3D61ECADFB4FC68FE88C757FC62.png"/>
        <image key="4A5F70B00FA83A5A7D73327221BDCF74.png"/>
        <image key="D38A1C2CB25E5E60EA7B9761839010EB.png"/>
        <image key="467605F5F90D9FF65132C1A6EF883F26.svg"/>
        <image key="0CCFED0BD1BC3BB4D610117937314139.svg"/>
        <image key="D6B22B9D60CB1178889DF0DFDAF2F5C0.png"/>
        <image key="F35FF22EBD59F2CB10A61012F3234F7A.png"/>
        <image key="8A1A815BA675E8AC0448DC407988A092.png"/>
      </images>
    </page>
    <page name="Accessibility" ID="1A622BC5-3642-413D-AD0C-053CCF1B3636" expanded="True" code="yNnL1ixDbX" thumbCode="yNnL1ixDbX" status="psWhite" isfolder="False" isshownode="True">
      <images>
        <image key="467605F5F90D9FF65132C1A6EF883F26.svg"/>
      </images>
    </page>
  </pages>
  <trash>
    <page name="Home" ID="4844C2F5-5BC3-4E10-8FEC-EC9D0F33DF73" expanded="True" code="WjzYQPedye" thumbCode="" status="psWhite" isfolder="False" isshownode="True"/>
    <page name="页面" ID="44EB43E7-66C3-4923-9B44-E2C7371BF2C1" expanded="False" code="IrRDjcuT1r" thumbCode="" isLastOpen="True" status="psWhite" isfolder="False" isshownode="True"/>
    <page name="新闻" ID="9F4B15A4-8345-4FB8-B193-03DA250E1568" expanded="True" code="ZkZ3JuYyvX" thumbCode="" isLastOpen="True" status="psWhite" isfolder="False" isshownode="True"/>
    <page name="页面" ID="8099B5A6-200D-4222-9A32-1A0F3F79AC99" expanded="False" code="zbHHTlmAah" thumbCode="" isLastOpen="True" status="psWhite" isfolder="False" isshownode="True"/>
    <page name="Search2" ID="7F49FF46-566A-4375-AA14-1752836AD65E" expanded="False" code="Ccajwjzsqf" thumbCode="eihgwhcS8Z" isLastOpen="True" status="psWhite" isfolder="False" isshownode="True">
      <images>
        <image key="EFFAB6E3CC4F1AEF6ECC0AC0E56B8E09.png"/>
        <image key="3089F2B462ECA76A9ABF6E94856EF4EA.png"/>
        <image key="467605F5F90D9FF65132C1A6EF883F26.svg"/>
        <image key="0CCFED0BD1BC3BB4D610117937314139.svg"/>
        <image key="194097CA515504412616154E77BDCA76.png"/>
      </images>
    </page>
    <page name="Search2" ID="190BD694-6F99-4C04-9D4E-FB39736067EC" expanded="False" code="bEFzysCJke" thumbCode="iuZFabIiQe" isLastOpen="True" status="psWhite" isfolder="False" isshownode="True">
      <images>
        <image key="EFFAB6E3CC4F1AEF6ECC0AC0E56B8E09.png"/>
        <image key="3089F2B462ECA76A9ABF6E94856EF4EA.png"/>
        <image key="467605F5F90D9FF65132C1A6EF883F26.svg"/>
        <image key="0CCFED0BD1BC3BB4D610117937314139.svg"/>
        <image key="194097CA515504412616154E77BDCA76.png"/>
      </images>
    </page>
    <page name="Search1" ID="219CD964-5AC8-42E6-B9BE-378824F6CAEB" expanded="False" code="JDtqh6zZWb" thumbCode="ZwFsO9OIot" isLastOpen="True" status="psWhite" isfolder="False" isshownode="True">
      <images>
        <image key="EFFAB6E3CC4F1AEF6ECC0AC0E56B8E09.png"/>
        <image key="3089F2B462ECA76A9ABF6E94856EF4EA.png"/>
        <image key="467605F5F90D9FF65132C1A6EF883F26.svg"/>
        <image key="0CCFED0BD1BC3BB4D610117937314139.svg"/>
        <image key="194097CA515504412616154E77BDCA76.png"/>
      </images>
    </page>
    <page name="页面" ID="6F88D18D-4870-4F00-8163-4D87406A0B66" expanded="True" code="iB8Y5DTiHO" thumbCode="" isLastOpen="True" status="psWhite" isfolder="False" isshownode="True"/>
  </trash>
  <deletes/>
  <masters/>
  <images>
    <image key="87CC0316963BE0B0CE0BCAD15273B3B0.png"/>
    <image key="2B26C789AF3EFEA925A6893B9D4A201A.svg"/>
    <image key="3089F2B462ECA76A9ABF6E94856EF4EA.png"/>
    <image key="5FA922233AF2793F67489B72BB83EACF.png"/>
    <image key="DBE4A8A7E05CA9AC0AB170C47740124B.jpg"/>
    <image key="D38A1C2CB25E5E60EA7B9761839010EB.png"/>
    <image key="20870C1965FC72A619F15BCA300D0631.jpg"/>
    <image key="D6B22B9D60CB1178889DF0DFDAF2F5C0.png"/>
    <image key="21A92E50B4A22F5E1B7564F9D1F15F53.JPG"/>
    <image key="52881AF268FBDE0001B56F25E8774A72.png"/>
    <image key="A1A3A521C8092790B1B71C1DE81FF476.png"/>
    <image key="80A46FF6C9401F81FD9BBE9E4450606F.png"/>
    <image key="620E9BFE9225223FD2B1FA8B7AF87417.png"/>
    <image key="4A5F70B00FA83A5A7D73327221BDCF74.png"/>
    <image key="467605F5F90D9FF65132C1A6EF883F26.svg"/>
    <image key="44650E15AC000ED0B84BFAE25297E9D8.jpg"/>
    <image key="E6A14D0B8017B1113D3263610DE348D2.jpg"/>
    <image key="8A1A815BA675E8AC0448DC407988A092.png"/>
    <image key="8F04C3D61ECADFB4FC68FE88C757FC62.png"/>
    <image key="345D22F934A2BFC7F96A6E197BE4F852.png"/>
    <image key="CDCBBD6BEDDF96F1654B83CB572C1AB3.png"/>
    <image key="05879CF4BC7C04EF70F897521BA6BAF4.png"/>
    <image key="0CCFED0BD1BC3BB4D610117937314139.svg"/>
    <image key="F35FF22EBD59F2CB10A61012F3234F7A.png"/>
    <image key="194097CA515504412616154E77BDCA76.png"/>
    <image key="EFFAB6E3CC4F1AEF6ECC0AC0E56B8E09.png"/>
    <image key="CF2C7296426C11DF67945056A367A461.png"/>
    <image key="F8B7C00C8873072CE25570834476261D.png"/>
    <image key="07ADEC4753F84508C40C6E3D7F3C8172.jpg"/>
    <image key="F3364653424FD28827CF948A13C93E56.jpg"/>
    <image key="A5CB6A9ACE601ED1EBC7B94C561F9ECA.jpg"/>
    <image key="922528A5CC2149E5256E8A781D72B653.png"/>
  </images>
</project>